time_s,envelope
0.0,-0.1298546
0.005,-0.1298546
0.01,-0.1298536
0.015,-0.12984017
0.02,-0.12317061
0.025,-0.11928386
0.03,-0.11980888
0.035,-0.11654859
0.04,-0.12335279
0.045,-0.12326815
0.05,-0.121432185
0.055,-0.11828242
0.06,-0.122052565
0.065,-0.119693115
0.07,-0.12123982
0.075,-0.12416268
0.08,-0.12031058
0.085,-0.11577957
0.09,-0.121545464
0.095,-0.12335014
0.1,-0.119230695
0.105,-0.121012405
0.11,-0.12160447
0.115,-0.117533416
0.12,-0.117843516
0.125,-0.12338468
0.13,-0.11989196
0.135,-0.12215098
0.14,-0.119801484
0.145,-0.11987022
0.15,-0.12321898
0.155,-0.12052061
0.16,-0.12332276
0.165,-0.12247812
0.17,-0.12165436
0.175,-0.12300331
0.18,-0.12495718
0.185,-0.12095982
0.19,-0.117984615
0.195,-0.12218736
0.2,-0.12345586
0.205,-0.1213271
0.21,-0.12113937
0.215,-0.111440845
0.22,-0.11694928
0.225,-0.11930088
0.23,-0.121665366
0.235,-0.11349851
0.24,-0.11747553
0.245,-0.11386183
0.25,-0.12029661
0.255,-0.118724085
0.26,-0.11756243
0.265,-0.115620404
0.27,-0.115671314
0.275,-0.121977836
0.28,-0.123919465
0.285,-0.1158445
0.29,-0.11789413
0.295,-0.11317729
0.3,-0.117918976
0.305,-0.12084777
0.31,-0.11846603
0.315,-0.11661675
0.32,-0.111355744
0.325,-0.11116707
0.33,-0.115472354
0.335,-0.102328025
0.34,-0.10746487
0.345,-0.110367805
0.35,-0.10899036
0.355,-0.107954375
0.36,-0.11329247
0.365,-0.11410787
0.37,-0.10818356
0.375,-0.11549607
0.38,-0.11793561
0.385,-0.11098837
0.39,-0.11718911
0.395,-0.11643374
0.4,-0.119763225
0.405,-0.10242772
0.41,-0.115709715
0.415,-0.11386867
0.42,-0.11878121
0.425,-0.110230185
0.43,-0.11059665
0.435,-0.11503852
0.44,-0.11654951
0.445,-0.11532684
0.45,-0.11626
0.455,-0.12110301
0.46,-0.12068702
0.465,-0.11400039
0.47,-0.12350911
0.475,-0.11936099
0.48,-0.12160978
0.485,-0.12223189
0.49,-0.11856119
0.495,-0.11951248
0.5,-0.12004174
0.505,-0.12048767
0.51,-0.12186134
0.515,-0.12093727
0.52,-0.11659264
0.525,-0.118371814
0.53,-0.109824836
0.535,-0.11322181
0.54,-0.11398314
0.545,-0.11061578
0.55,-0.11468069
0.555,-0.11689066
0.56,-0.11077914
0.565,-0.10999392
0.57,-0.11294676
0.575,-0.112022914
0.58,-0.11306751
0.585,-0.11306243
0.59,-0.10393448
0.595,-0.11055242
0.6,-0.111855365
0.605,-0.1200487
0.61,-0.111315355
0.615,-0.106172696
0.62,-0.1066391
0.625,-0.11524235
0.63,-0.114864334
0.635,-0.115131825
0.64,-0.11793936
0.645,-0.10615961
0.65,-0.11480744
0.655,-0.11680065
0.66,-0.11834407
0.665,-0.118044525
0.67,-0.111729346
0.675,-0.110815115
0.68,-0.11696592
0.685,-0.11815431
0.69,-0.12226729
0.695,-0.11642863
0.7,-0.10511033
0.705,-0.12014453
0.71,-0.12140548
0.715,-0.1112074
0.72,-0.1159106
0.725,-0.114228114
0.73,-0.11343755
0.735,-0.1145097
0.74,-0.11864232
0.745,-0.111585855
0.75,-0.10918516
0.755,-0.11065261
0.76,-0.11704553
0.765,-0.102643885
0.77,-0.11241372
0.775,-0.101303704
0.78,-0.10902001
0.785,-0.08961875
0.79,-0.09677122
0.795,-0.09888127
0.8,-0.10543872
0.805,-0.10058507
0.81,-0.08805083
0.815,-0.10341371
0.82,-0.1082368
0.825,-0.11021137
0.83,-0.09663755
0.835,-0.109250054
0.84,-0.10808395
0.845,-0.117237404
0.85,-0.09977683
0.855,-0.103255674
0.86,-0.10900921
0.865,-0.107042775
0.87,-0.10971844
0.875,-0.10882994
0.88,-0.10843706
0.885,-0.10734624
0.89,-0.10520911
0.895,-0.11416032
0.9,-0.11091052
0.905,-0.113467336
0.91,-0.109649576
0.915,-0.104094125
0.92,-0.10246195
0.925,-0.10989944
0.93,-0.11198079
0.935,-0.10305614
0.94,-0.0999565
0.945,-0.09707652
0.95,-0.10355233
0.955,-0.106541775
0.96,-0.10961111
0.965,-0.09915351
0.97,-0.10382469
0.975,-0.107583426
0.98,-0.107763655
0.985,-0.10950593
0.99,-0.1098451
0.995,-0.113888755
1.0,-0.106726825
1.005,-0.094722
1.01,-0.101916336
1.015,-0.10683255
1.02,-0.11360592
1.025,-0.10581951
1.03,-0.10630064
1.035,-0.10302486
1.04,-0.10238403
1.045,-0.10820712
1.05,-0.102584556
1.055,-0.09984767
1.06,-0.09137317
1.065,-0.11285473
1.07,-0.1084726
1.075,-0.10291633
1.08,-0.09210265
1.085,-0.10520657
1.09,-0.09874653
1.095,-0.09335535
1.1,-0.09213534
1.105,-0.09373209
1.11,-0.11836238
1.115,-0.08432433
1.12,-0.10905102
1.125,-0.108443834
1.13,-0.10034097
1.135,-0.08433514
1.14,-0.10461152
1.145,-0.06962833
1.15,-0.09053762
1.155,-0.08847782
1.16,-0.088044316
1.165,-0.10239241
1.17,-0.0808515
1.175,-0.09100744
1.18,-0.07575786
1.185,-0.09830096
1.19,-0.10379347
1.195,-0.100048795
1.2,-0.08700538
1.205,-0.10163869
1.21,-0.095845684
1.215,-0.102554396
1.22,-0.0836527
1.225,-0.09106767
1.23,-0.09888745
1.235,-0.09989892
1.24,-0.098649845
1.245,-0.09307234
1.25,-0.093339786
1.255,-0.10366746
1.26,-0.08615861
1.265,-0.095104605
1.27,-0.09956743
1.275,-0.09393198
1.28,-0.0767456
1.285,-0.078008026
1.29,-0.08144307
1.295,-0.093480974
1.3,-0.07379286
1.305,-0.069312856
1.31,-0.06831668
1.315,-0.1030182
1.32,-0.10081663
1.325,-0.08989552
1.33,-0.066055976
1.335,-0.08821714
1.34,-0.084777445
1.345,-0.07661656
1.35,-0.09622742
1.355,-0.09750725
1.36,-0.099836245
1.365,-0.09732837
1.37,-0.09781262
1.375,-0.07370718
1.38,-0.059815347
1.385,-0.06417547
1.39,-0.088142484
1.395,-0.08054075
1.4,-0.09239234
1.405,-0.068731226
1.41,-0.06113685
1.415,-0.07715455
1.42,-0.09194675
1.425,-0.05823105
1.43,-0.09206608
1.435,-0.10354406
1.44,-0.0934285
1.445,-0.0838794
1.45,-0.09178828
1.455,-0.081411004
1.46,-0.08026996
1.465,-0.09107556
1.47,-0.077700004
1.475,-0.10505317
1.48,-0.06630247
1.485,-0.09308708
1.49,-0.10741919
1.495,-0.087668404
1.5,-0.08161379
1.505,-0.09388083
1.51,-0.0678207
1.515,-0.07514314
1.52,-0.07402813
1.525,-0.06273062
1.53,-0.081338674
1.535,-0.06759647
1.54,-0.06738225
1.545,-0.09536146
1.55,-0.0692008
1.555,-0.084163025
1.56,-0.054148562
1.565,-0.07125881
1.57,-0.08780143
1.575,-0.072585
1.58,-0.07621375
1.585,-0.096614145
1.59,-0.06948351
1.595,-0.0827875
1.6,-0.061075464
1.605,-0.07612473
1.61,-0.08267871
1.615,-0.08519371
1.62,-0.072768524
1.625,-0.08881901
1.63,-0.1062852
1.635,-0.08736735
1.64,-0.061997436
1.645,-0.07418927
1.65,-0.08781725
1.655,-0.089961566
1.66,-0.06777959
1.665,-0.04375498
1.67,-0.091129184
1.675,-0.09597443
1.68,-0.08097848
1.685,-0.054767214
1.69,-0.07106489
1.695,-0.08995435
1.7,-0.06788722
1.705,-0.059440985
1.71,-0.079081595
1.715,-0.068435535
1.72,-0.06569416
1.725,-0.08255957
1.73,-0.06390437
1.735,-0.08101885
1.74,-0.089422554
1.745,-0.07006478
1.75,-0.078225344
1.755,-0.05157353
1.76,-0.078839175
1.765,-0.0557132
1.77,-0.06882633
1.775,-0.07234056
1.78,-0.06947106
1.785,-0.048531495
1.79,-0.0709336
1.795,-0.062030196
1.8,-0.07417754
1.805,-0.06492115
1.81,-0.04702191
1.815,-0.052157998
1.82,-0.105667815
1.825,-0.05349926
1.83,-0.04382088
1.835,-0.07517508
1.84,-0.08694461
1.845,-0.056564614
1.85,-0.05062083
1.855,-0.09483797
1.86,0.006104246
1.865,-0.09614376
1.87,-0.0811756
1.875,-0.08528364
1.88,-0.07239038
1.885,-0.03528864
1.89,-0.045130342
1.895,-0.06140034
1.9,-0.098018706
1.905,-0.02034697
1.91,-0.05208391
1.915,0.010359257
1.92,-0.06197194
1.925,-0.07329984
1.93,-0.0853794
1.935,-0.048435606
1.94,0.00019040704
1.945,-0.057839245
1.95,-0.06383269
1.955,-0.07815877
1.96,-0.07769886
1.965,-0.0361801
1.97,-0.0313389
1.975,-0.051307864
1.98,-0.0403746
1.985,-0.042609267
1.99,-0.043332547
1.995,-0.011560321
2.0,-0.030841194
2.005,-0.024281032
2.01,-0.058424212
2.015,-0.034079283
2.02,-0.022324897
2.025,-0.023314148
2.03,-0.018926635
2.035,-0.06797574
2.04,-0.02645833
2.045,-0.003887415
2.05,-0.011650696
2.055,-0.0043319315
2.06,-0.0147071555
2.065,-0.063559555
2.07,-0.048983246
2.075,-0.00826437
2.08,-0.061075874
2.085,-0.03942322
2.09,-0.046729222
2.095,-0.03912378
2.1,-0.05131261
2.105,-0.0677669
2.11,-0.0441615
2.115,-0.03289634
2.12,-0.06988697
2.125,-0.079947695
2.13,-0.036189355
2.135,-0.011645697
2.14,0.017510623
2.145,-0.063252695
2.15,-0.035068333
2.155,-0.026880182
2.16,0.009535313
2.165,-0.025244005
2.17,-0.02367761
2.175,-0.061095156
2.18,-0.05509562
2.185,-0.049131833
2.19,-0.017733358
2.195,-0.013649128
2.2,-0.06733516
2.205,-0.04718502
2.21,-0.026336767
2.215,-0.03398446
2.22,-0.023370452
2.225,0.0047555417
2.23,-0.04794047
2.235,-0.033601433
2.24,-0.018723726
2.245,-0.019201182
2.25,-0.035525255
2.255,-0.049069345
2.26,-0.0633405
2.265,-0.021715917
2.27,-0.008620642
2.275,-0.016292699
2.28,-0.012443326
2.285,-0.015165746
2.29,-0.008146532
2.295,0.015304476
2.3,-0.040234216
2.305,-0.08970294
2.31,-0.025568567
2.315,-0.060543455
2.32,-0.007710509
2.325,-0.022350669
2.33,-0.017997123
2.335,-0.05151009
2.34,-0.008616798
2.345,-0.011779368
2.35,0.010767847
2.355,0.029568836
2.36,-0.031716637
2.365,-0.012324803
2.37,-0.022618555
2.375,0.02875866
2.38,0.023450047
2.385,-0.027304068
2.39,-0.027750492
2.395,-0.023128115
2.4,0.09634739
2.405,-0.015338652
2.41,0.040095806
2.415,-0.02665902
2.42,0.06480174
2.425,0.029869094
2.43,0.02070263
2.435,0.03804718
2.44,0.01922822
2.445,-0.030548483
2.45,0.012704015
2.455,0.064320266
2.46,-0.0095902905
2.465,-0.001042366
2.47,-0.050264157
2.475,0.05451283
2.48,0.04829386
2.485,0.008704707
2.49,0.087423176
2.495,0.025218636
2.5,0.04012984
2.505,-0.043040007
2.51,0.05576974
2.515,-0.008931056
2.52,0.08611487
2.525,0.0034395754
2.53,0.0037851036
2.535,-0.029623315
2.54,0.05069515
2.545,0.00763011
2.55,-0.023159973
2.555,-0.03520748
2.56,0.022769049
2.565,-0.009007759
2.57,0.0150107145
2.575,0.07732281
2.58,-0.017887324
2.585,-0.0046716332
2.59,0.1083702
2.595,-0.035904743
2.6,0.0948358
2.605,0.06905025
2.61,0.010627687
2.615,0.03218001
2.62,0.0031377077
2.625,0.021185309
2.63,-0.03653913
2.635,-0.027733207
2.64,-0.003488928
2.645,0.10353637
2.65,-0.005652666
2.655,0.12109496
2.66,0.08883385
2.665,0.06424266
2.67,0.067442596
2.675,0.07567415
2.68,-0.020975351
2.685,-0.02625183
2.69,0.07756567
2.695,0.04749748
2.7,-0.007847786
2.705,-0.043521695
2.71,0.041768014
2.715,0.043210924
2.72,0.023968518
2.725,-0.009399749
2.73,0.06039703
2.735,0.09611754
2.74,0.09099391
2.745,0.02915743
2.75,-0.015745342
2.755,0.07198618
2.76,0.098876625
2.765,0.105571985
2.77,0.010308236
2.775,0.05715421
2.78,0.09202376
2.785,0.10688521
2.79,0.0731785
2.795,0.04183416
2.8,0.045259163
2.805,0.051509902
2.81,0.111401334
2.815,0.1274245
2.82,0.013139471
2.825,0.047257274
2.83,0.03395152
2.835,0.09357415
2.84,0.108166024
2.845,0.055171996
2.85,-0.05371613
2.855,0.060880706
2.86,0.14522366
2.865,0.033681914
2.87,0.008796334
2.875,-0.0017483234
2.88,0.08161995
2.885,0.06287955
2.89,0.022297487
2.895,-0.0048893914
2.9,0.000979498
2.905,0.06378931
2.91,0.013062805
2.915,-0.0013932288
2.92,0.04043582
2.925,0.081809565
2.93,-0.003542617
2.935,0.035032004
2.94,0.094629645
2.945,0.11986838
2.95,0.0659682
2.955,0.107775286
2.96,0.0555477
2.965,0.003573075
2.97,-0.023604564
2.975,-0.012368731
2.98,0.022542998
2.985,0.074291244
2.99,0.07148896
2.995,0.15466993
3.0,0.054602385
3.005,0.11528222
3.01,0.06070584
3.015,-0.012456626
3.02,0.0034451336
3.025,0.15120192
3.03,0.06893194
3.035,0.10036431
3.04,0.15799241
3.045,0.05625099
3.05,0.09419879
3.055,0.088484734
3.06,0.18080105
3.065,-0.0045949817
3.07,0.05702281
3.075,0.051481828
3.08,0.16194843
3.085,0.115514025
3.09,0.0459577
3.095,-0.069177836
3.1,0.060989752
3.105,0.066846654
3.11,0.0803493
3.115,-0.02251526
3.12,-0.00025349855
3.125,-0.000707224
3.13,-0.004742846
3.135,0.0415193
3.14,0.067637235
3.145,0.08514097
3.15,-0.020613067
3.155,0.039938033
3.16,-0.058371678
3.165,0.13416572
3.17,0.11788076
3.175,0.09337455
3.18,8.165836e-06
3.185,0.030938357
3.19,0.058672354
3.195,0.17075355
3.2,0.13427491
3.205,0.06318781
3.21,0.11497928
3.215,0.101478994
3.22,0.21740396
3.225,0.13431112
3.23,-0.0047987998
3.235,0.03260979
3.24,0.048297063
3.245,0.034906015
3.25,0.0053593516
3.255,-0.009844542
3.26,-0.015665248
3.265,0.05113353
3.27,0.07209234
3.275,0.0088033825
3.28,0.0214144
3.285,0.021657124
3.29,0.014055654
3.295,0.076576814
3.3,-0.009210087
3.305,-0.03102734
3.31,0.09761372
3.315,0.08151525
3.32,0.1388296
3.325,0.07555355
3.33,0.027104199
3.335,-0.008996859
3.34,0.025600374
3.345,0.029737532
3.35,0.069886565
3.355,0.08018997
3.36,0.06489073
3.365,0.19337825
3.37,0.0440879
3.375,-0.025318734
3.38,0.087663636
3.385,0.073082685
3.39,0.15919219
3.395,0.19643305
3.4,0.034692228
3.405,0.07406239
3.41,0.29837614
3.415,0.12543602
3.42,0.030465543
3.425,0.00543119
3.43,0.13367833
3.435,0.17268951
3.44,0.106025815
3.445,0.035879463
3.45,-0.0074962974
3.455,0.07685694
3.46,0.077471465
3.465,0.022105843
3.47,0.032210752
3.475,-0.025876574
3.48,0.076060265
3.485,0.06377779
3.49,0.05171661
3.495,0.004183069
3.5,0.03228177
3.505,0.07619804
3.51,0.0856574
3.515,0.036945716
3.52,0.018243074
3.525,0.12159847
3.53,0.01357913
3.535,0.029234469
3.54,0.010893762
3.545,0.089098364
3.55,0.12570386
3.555,0.07778297
3.56,-0.0549033
3.565,0.06719829
3.57,0.02960518
3.575,0.17475237
3.58,0.057019353
3.585,0.101484865
3.59,0.059796706
3.595,0.08746226
3.6,0.15091352
3.605,0.007997423
3.61,-0.011114016
3.615,0.015268207
3.62,-0.033595793
3.625,0.046743467
3.63,0.0027854145
3.635,-0.005851157
3.64,-0.013408683
3.645,0.091348454
3.65,-0.0059577003
3.655,0.0435531
3.66,0.08344941
3.665,0.10685314
3.67,-0.010190427
3.675,0.08808844
3.68,0.06689088
3.685,-0.011503041
3.69,-0.04061593
3.695,0.08495876
3.7,0.032791197
3.705,0.01011242
3.71,0.038032264
3.715,0.002925843
3.72,-0.009757198
3.725,0.026585594
3.73,0.014558241
3.735,0.034545764
3.74,0.08282469
3.745,0.08545254
3.75,0.015503764
3.755,0.04076515
3.76,0.04383123
3.765,0.0531718
3.77,0.03571585
3.775,0.15497367
3.78,0.1448899
3.785,0.12411751
3.79,0.14466538
3.795,0.16215847
3.8,0.08734849
3.805,0.08241941
3.81,0.13886268
3.815,0.11120883
3.82,0.10850786
3.825,-0.021028697
3.83,0.07774834
3.835,0.032388
3.84,0.039133623
3.845,0.04385911
3.85,-0.012871444
3.855,0.011659831
3.86,0.019478008
3.865,0.024112865
3.87,0.011598632
3.875,0.03454894
3.88,0.12208094
3.885,-0.004369512
3.89,0.060374483
3.895,0.11056188
3.9,0.084748656
3.905,0.074576706
3.91,0.02464047
3.915,0.17272554
3.92,0.07684198
3.925,0.09330429
3.93,0.10816917
3.935,0.113910824
3.94,0.17525877
3.945,0.120213315
3.95,0.07069665
3.955,-0.03770379
3.96,0.02944611
3.965,0.21680598
3.97,0.015174717
3.975,0.017877564
3.98,-0.05191972
3.985,0.075684875
3.99,-0.01793442
3.995,0.0043627173
4.0,-0.014733784
4.005,0.06967096
4.01,-0.015384294
4.015,0.01861474
4.02,0.03329408
4.025,0.06495321
4.03,-0.024625309
4.035,0.0787867
4.04,0.06414594
4.045,0.05220872
4.05,0.05762002
4.055,0.06962064
4.06,0.012189269
4.065,0.006572321
4.07,0.10835567
4.075,0.04246983
4.08,0.02556622
4.085,0.08943775
4.09,0.031831905
4.095,0.011431634
4.1,0.052614674
4.105,-0.056888156
4.11,0.052973315
4.115,0.09428102
4.12,0.031658888
4.125,0.11118826
4.13,0.07211408
4.135,0.17472939
4.14,0.10867302
4.145,0.13393731
4.15,0.06764077
4.155,0.10607603
4.16,0.07999833
4.165,0.21820728
4.17,0.16565724
4.175,0.08777121
4.18,-0.015365355
4.185,0.14204161
4.19,0.05305724
4.195,0.064958066
4.2,0.10610093
4.205,0.02268356
4.21,-0.02821479
4.215,0.017600551
4.22,0.0098961
4.225,0.019817367
4.23,-0.03443159
4.235,-0.019791052
4.24,-0.04057657
4.245,0.08150399
4.25,0.03379312
4.255,0.073649496
4.26,0.058272764
4.265,-0.0068323687
4.27,0.1414241
4.275,0.088040456
4.28,0.042879313
4.285,0.063893005
4.29,0.0914184
4.295,0.20140226
4.3,0.07835227
4.305,0.040673822
4.31,0.054155424
4.315,0.1746368
4.32,0.123698756
4.325,0.0825149
4.33,0.052212685
4.335,0.022864163
4.34,0.105663374
4.345,0.09733154
4.35,-0.025237054
4.355,0.034470856
4.36,-0.01873874
4.365,0.04819061
4.37,0.03873898
4.375,-0.034463055
4.38,-0.013237901
4.385,-0.010104105
4.39,-9.24319e-05
4.395,0.041490287
4.4,-0.03503091
4.405,0.016625136
4.41,0.05433373
4.415,-0.03984598
4.42,-0.036750764
4.425,0.09101635
4.43,0.005460188
4.435,-0.005343497
4.44,0.10846807
4.445,0.009966791
4.45,-0.0009753257
4.455,0.073331445
4.46,0.06614721
4.465,-0.0054369196
4.47,0.094119534
4.475,-0.0056866333
4.48,0.045630425
4.485,0.040866002
4.49,0.039245144
4.495,0.07291478
4.5,0.07766773
4.505,0.04722652
4.51,0.05540611
4.515,0.06659293
4.52,-0.00055518746
4.525,0.123272285
4.53,0.15633212
4.535,0.14548282
4.54,0.08232035
4.545,0.058943853
4.55,-0.012301438
4.555,0.23745726
4.56,0.05654888
4.565,0.050545737
4.57,0.054758787
4.575,0.019713968
4.58,0.025504157
4.585,-0.0027421713
4.59,-0.018963628
4.595,0.0326903
4.6,0.071848705
4.605,-0.008214384
4.61,0.14245938
4.615,0.027850911
4.62,0.014994442
4.625,0.11878386
4.63,0.027278557
4.635,0.05057943
4.64,0.0998608
4.645,0.020248935
4.65,0.22137679
4.655,0.084002
4.66,0.076924846
4.665,0.19462223
4.67,0.0977782
4.675,0.26712108
4.68,0.04550314
4.685,0.19139765
4.69,0.07760793
4.695,0.15460552
4.7,0.05036068
4.705,0.105524614
4.71,0.09115842
4.715,0.03251046
4.72,-0.01231014
4.725,0.0635315
4.73,0.02566737
4.735,0.09216963
4.74,-0.06146244
4.745,0.05602978
4.75,0.007926166
4.755,0.10314542
4.76,0.022205293
4.765,0.00659886
4.77,0.0012244731
4.775,0.062290654
4.78,-0.0025206357
4.785,0.0370415
4.79,0.018617183
4.795,-0.004428968
4.8,-0.005768493
4.805,0.092662394
4.81,-0.020108767
4.815,0.014207572
4.82,0.11914569
4.825,-0.0010226518
4.83,0.03275633
4.835,0.110887915
4.84,0.039792106
4.845,0.0603265
4.85,0.10483754
4.855,0.053782627
4.86,0.051028877
4.865,0.115225926
4.87,0.015547603
4.875,0.18028347
4.88,0.03825465
4.885,0.057274327
4.89,0.0653335
4.895,0.13903038
4.9,0.09108251
4.905,0.19487728
4.91,0.03700441
4.915,0.008008957
4.92,0.14819203
4.925,0.037590325
4.93,0.014618605
4.935,0.09759806
4.94,0.057130784
4.945,0.015208662
4.95,0.017767668
4.955,0.003550157
4.96,-0.014912866
4.965,0.14286269
4.97,0.056598768
4.975,0.13646124
4.98,0.08556859
4.985,0.108831674
4.99,0.13199423
4.995,-0.036484532
5.0,0.031749576
5.005,0.090278596
5.01,0.012513444
5.015,-0.014123142
5.02,0.048682913
5.025,-0.035297148
5.03,0.08909519
5.035,0.05416791
5.04,0.058899954
5.045,0.10838294
5.05,0.008991569
5.055,0.1873119
5.06,-0.017518729
5.065,0.13116999
5.07,0.047056362
5.075,0.09729962
5.08,0.05026634
5.085,0.09568584
5.09,0.056472942
5.095,0.0785003
5.1,-0.022004321
5.105,0.0015004873
5.11,0.009329706
5.115,0.0293075
5.12,0.0024789274
5.125,-0.05675187
5.13,-0.028967671
5.135,0.07541391
5.14,0.0155599415
5.145,-0.068512574
5.15,-0.029368214
5.155,0.013702273
5.16,0.019506305
5.165,0.028983101
5.17,0.009456068
5.175,0.03453663
5.18,0.13344611
5.185,0.08340074
5.19,0.04648018
5.195,0.046425745
5.2,0.07732546
5.205,0.062379494
5.21,0.070845366
5.215,0.021519944
5.22,0.006049156
5.225,0.034874976
5.23,0.077833325
5.235,0.05819328
5.24,-0.030727275
5.245,0.008766875
5.25,0.10875064
5.255,0.037265092
5.26,0.033569217
5.265,0.11203529
5.27,0.100358516
5.275,0.119623214
5.28,0.11361095
5.285,0.066287294
5.29,0.017329738
5.295,0.088596165
5.3,-0.020037107
5.305,-0.021790639
5.31,0.16157047
5.315,-0.0367321
5.32,0.062401056
5.325,-0.00030232966
5.33,0.019822001
5.335,0.08688864
5.34,0.13127647
5.345,0.033375233
5.35,0.06474072
5.355,0.028005585
5.36,0.08968043
5.365,0.124585256
5.37,-0.008275874
5.375,0.002873078
5.38,-0.02391512
5.385,0.10712564
5.39,0.026296511
5.395,-0.024945088
5.4,0.0010437369
5.405,0.032663673
5.41,0.008034691
5.415,0.011751667
5.42,-0.052629553
5.425,0.010472059
5.43,-0.03630334
5.435,0.015208736
5.44,-0.020832002
5.445,0.0054274052
5.45,0.054225713
5.455,-0.02288004
5.46,0.017602786
5.465,0.03502199
5.47,-0.02284836
5.475,-0.0037146509
5.48,0.007456869
5.485,0.022572622
5.49,0.03967665
5.495,0.115502656
5.5,0.009344786
5.505,0.02392684
5.51,0.055438817
5.515,0.06241685
5.52,0.08318511
5.525,0.0479424
5.53,-0.025933899
5.535,-0.00017826259
5.54,0.08740519
5.545,0.025397465
5.55,0.032004163
5.555,0.054808915
5.56,0.02664031
5.565,-0.019387819
5.57,0.056696028
5.575,0.016583383
5.58,-0.008156449
5.585,0.021833703
5.59,0.054251432
5.595,0.111665845
5.6,0.0102623105
5.605,-0.01603613
5.61,-0.002412051
5.615,0.09471367
5.62,0.038680956
5.625,0.0017575026
5.63,0.020725816
5.635,0.064646155
5.64,0.0131050795
5.645,0.014716446
5.65,0.08040133
5.655,0.05753532
5.66,0.14028738
5.665,0.08754724
5.67,0.12741725
5.675,0.13121979
5.68,0.21066965
5.685,0.113855064
5.69,0.017284736
5.695,0.052388936
5.7,-0.03061296
5.705,0.08358443
5.71,-0.027826302
5.715,0.04950258
5.72,0.07004212
5.725,0.13487564
5.73,0.16703616
5.735,0.14816277
5.74,0.05723299
5.745,-0.007970266
5.75,0.12701245
5.755,0.023625016
5.76,-0.024361573
5.765,-0.012450077
5.77,-0.04249227
5.775,0.0015169233
5.78,-0.019087315
5.785,0.043294564
5.79,-0.018325426
5.795,-0.005251877
5.8,-0.020723619
5.805,0.05852382
5.81,0.05785823
5.815,-0.009900056
5.82,6.502867e-05
5.825,-0.010703169
5.83,0.063299224
5.835,-0.03219918
5.84,0.016464919
5.845,0.0328632
5.85,-0.03471116
5.855,-0.016057655
5.86,-0.029098421
5.865,0.019834012
5.87,0.004025236
5.875,0.05419877
5.88,0.03481634
5.885,0.016393185
5.89,-0.0437278
5.895,0.07255885
5.9,0.021519989
5.905,0.005286187
5.91,0.02957204
5.915,-0.008639902
5.92,-0.019085005
5.925,0.042815775
5.93,-0.041710824
5.935,-0.06341053
5.94,-0.013137855
5.945,-0.019940741
5.95,0.03981428
5.955,0.02857162
5.96,-0.010018244
5.965,0.0037062466
5.97,0.035255983
5.975,0.099371314
5.98,0.042354852
5.985,0.022295818
5.99,0.011225551
5.995,0.04664147
6.0,-0.017584294
6.005,0.16955076
6.01,0.0019233227
6.015,0.11786632
6.02,0.083424404
6.025,0.07466015
6.03,0.12943305
6.035,0.10531703
6.04,0.009273618
6.045,0.01563394
6.05,0.026854783
6.055,0.14861874
6.06,-0.003237009
6.065,0.10501371
6.07,-0.016227394
6.075,0.012205139
6.08,0.07393539
6.085,-0.011995412
6.09,0.060563564
6.095,0.1442431
6.1,0.025693461
6.105,0.025687814
6.11,0.18168421
6.115,0.03492658
6.12,0.036939725
6.125,0.06057237
6.13,0.01888381
6.135,0.05590707
6.14,-0.036774784
6.145,1.9863248e-05
6.15,-0.053475305
6.155,0.03287956
6.16,-0.010096341
6.165,0.03268075
6.17,-0.030951679
6.175,-0.001161322
6.18,-0.0141654685
6.185,0.031787157
6.19,0.02958788
6.195,-0.014063418
6.2,-0.0006401688
6.205,-0.054440014
6.21,0.019803882
6.215,0.05599138
6.22,-0.0029343367
6.225,0.006510198
6.23,0.01861985
6.235,0.0676316
6.24,-0.012560248
6.245,0.09678377
6.25,0.10499781
6.255,0.0086904615
6.26,0.09828079
6.265,0.022784263
6.27,0.07968444
6.275,0.041280508
6.28,0.023913383
6.285,-0.027158953
6.29,0.019715533
6.295,0.007056117
6.3,-0.018467262
6.305,0.013383523
6.31,0.007932603
6.315,0.0029923916
6.32,-0.0215265
6.325,0.000805825
6.33,-0.021992624
6.335,0.034321293
6.34,0.00924255
6.345,0.05209294
6.35,-0.054564416
6.355,0.06027782
6.36,0.093038484
6.365,0.024811447
6.37,0.016504526
6.375,0.038890496
6.38,0.093720615
6.385,0.0569178
6.39,0.007275343
6.395,0.022735476
6.4,-0.02322618
6.405,-0.017346136
6.41,0.016122729
6.415,0.010644361
6.42,-0.025597006
6.425,-0.035195276
6.43,0.03493005
6.435,0.09318426
6.44,0.094598815
6.445,0.11288315
6.45,0.050904006
6.455,-0.027804054
6.46,0.09127955
6.465,0.031667843
6.47,0.07436496
6.475,0.13779016
6.48,0.03523901
6.485,0.11292364
6.49,0.12535922
6.495,0.06454383
6.5,0.03726639
6.505,0.010657653
6.51,0.037407562
6.515,0.07829873
6.52,0.009139925
6.525,0.038383543
6.53,0.04536538
6.535,0.027383536
6.54,0.09863679
6.545,0.080557674
6.55,-0.0141883865
6.555,0.06687264
6.56,0.10621688
6.565,0.1253063
6.57,-0.014284067
6.575,-0.019873612
6.58,0.026805997
6.585,0.02194117
6.59,-0.0237244
6.595,0.065160215
6.6,0.021200642
6.605,0.023125857
6.61,0.058397546
6.615,0.032999262
6.62,0.10805659
6.625,0.13967787
6.63,0.098292604
6.635,0.072307855
6.64,0.07905911
6.645,0.07795118
6.65,0.14017989
6.655,0.14879523
6.66,0.07831958
6.665,0.008724123
6.67,0.14872797
6.675,0.040727347
6.68,0.14454146
6.685,0.07555202
6.69,-0.0094814
6.695,0.020743415
6.7,-0.02138143
6.705,-0.03995303
6.71,-0.036566906
6.715,0.005491823
6.72,-0.019357748
6.725,-0.03956665
6.73,0.010386065
6.735,-0.06267755
6.74,-0.04002966
6.745,-0.012233213
6.75,0.026308417
6.755,0.034799665
6.76,0.009304568
6.765,0.009294793
6.77,0.019668743
6.775,-0.05214414
6.78,-0.052177913
6.785,-0.009700492
6.79,0.0882687
6.795,0.090998024
6.8,-0.017143495
6.805,0.124401525
6.81,0.011590257
6.815,0.004797101
6.82,0.14308234
6.825,-0.011524685
6.83,-0.00087472796
6.835,0.09122777
6.84,0.002186656
6.845,0.012121528
6.85,0.15544628
6.855,0.07789469
6.86,0.08013329
6.865,0.13522767
6.87,-0.009093896
6.875,0.08266932
6.88,-0.02629029
6.885,0.08366443
6.89,0.08916433
6.895,-0.06607679
6.9,0.073762745
6.905,-0.009926148
6.91,0.009160593
6.915,0.014797077
6.92,0.07522206
6.925,0.10455634
6.93,0.045563385
6.935,-0.026373692
6.94,-0.051505156
6.945,0.060799196
6.95,0.014236689
6.955,0.03692262
6.96,0.084519446
6.965,0.06251079
6.97,0.027015299
6.975,-0.04615733
6.98,0.13614748
6.985,0.10764517
6.99,0.07184929
6.995,0.034718543
7.0,0.11403988
7.005,0.123312965
7.01,0.04832685
7.015,0.08493489
7.02,0.22287525
7.025,0.060733616
7.03,0.11826484
7.035,0.15014665
7.04,0.14273266
7.045,0.078989804
7.05,0.264695
7.055,0.004705906
7.06,0.15715896
7.065,0.03446135
7.07,0.06555322
7.075,-0.033987276
7.08,0.028498769
7.085,-0.050142847
7.09,0.043734595
7.095,0.04575433
7.1,0.042583436
7.105,0.005593568
7.11,-0.0018340349
7.115,0.0030473918
7.12,0.022688657
7.125,-0.013012499
7.13,0.008368373
7.135,0.012330353
7.14,-0.007134363
7.145,-0.0227312
7.15,-0.034050517
7.155,0.035982788
7.16,0.06853096
7.165,0.084116116
7.17,0.028752983
7.175,0.0035029799
7.18,0.015002564
7.185,0.05581352
7.19,0.02836439
7.195,-0.0047935545
7.2,-0.0010823458
7.205,0.009711534
7.21,0.07222746
7.215,-0.022379763
7.22,0.09937835
7.225,0.06414768
7.23,0.059319317
7.235,0.1211582
7.24,0.023803785
7.245,0.0030876845
7.25,0.024047494
7.255,0.061746284
7.26,-0.045383297
7.265,-0.028489023
7.27,0.008883327
7.275,-0.015557945
7.28,0.013057306
7.285,-0.014233284
7.29,-0.012015156
7.295,0.011814639
7.3,0.013969913
7.305,0.08782944
7.31,0.013931125
7.315,-0.038406856
7.32,-0.03057766
7.325,0.019838274
7.33,0.0017472953
7.335,0.01704581
7.34,0.046258017
7.345,0.07248247
7.35,0.024142295
7.355,0.037773475
7.36,0.07400115
7.365,0.115507066
7.37,0.18456687
7.375,0.108631656
7.38,0.13097994
7.385,0.11986311
7.39,0.0672697
7.395,0.052306935
7.4,0.16078652
7.405,0.06858224
7.41,0.12681042
7.415,0.23150109
7.42,0.083057195
7.425,0.14228795
7.43,0.21623711
7.435,0.01742068
7.44,0.10264248
7.445,0.031760618
7.45,-0.022671275
7.455,0.0373739
7.46,0.08201511
7.465,0.037331387
7.47,0.096664
7.475,0.05607456
7.48,0.047449887
7.485,0.0060303807
7.49,0.03530799
7.495,-0.0025816113
7.5,-0.00059099495
7.505,0.026030108
7.51,0.02020134
7.515,0.061789095
7.52,0.014573082
7.525,-0.0005737245
7.53,-0.057131737
7.535,0.05658914
7.54,0.032971203
7.545,0.00408113
7.55,-0.03870625
7.555,0.009827182
7.56,-0.026942968
7.565,0.05169463
7.57,-0.006338738
7.575,-0.015917875
7.58,-0.03949821
7.585,0.032085523
7.59,0.06391905
7.595,-0.045132734
7.6,0.055236086
7.605,-0.0026471317
7.61,0.007357478
7.615,-0.02871558
7.62,0.005273238
7.625,-0.00831423
7.63,-0.048059106
7.635,-0.020212479
7.64,0.0026447922
7.645,-0.06046112
7.65,-0.06969692
7.655,-0.014254868
7.66,0.060348958
7.665,0.0025699437
7.67,-0.0123860985
7.675,0.012451291
7.68,0.034112915
7.685,0.098101154
7.69,0.037222654
7.695,-0.05750288
7.7,-0.00294365
7.705,-0.08308932
7.71,0.07063191
7.715,0.05878529
7.72,0.06742908
7.725,0.010151356
7.73,0.006316349
7.735,0.071780935
7.74,0.13554285
7.745,0.044167653
7.75,0.06912549
7.755,0.05810608
7.76,0.08302015
7.765,-0.011998907
7.77,0.08977039
7.775,0.064751014
7.78,0.07662408
7.785,0.05618128
7.79,0.0721467
7.795,0.023095071
7.8,0.108454615
7.805,0.08733328
7.81,0.10334693
7.815,0.051509485
7.82,-0.01181224
7.825,-0.008452199
7.83,0.029087901
7.835,0.03485076
7.84,-0.040550493
7.845,0.046662852
7.85,0.011824012
7.855,0.034737885
7.86,-0.031488895
7.865,-0.0026822835
7.87,0.009055197
7.875,0.106095105
7.88,0.052249476
7.885,0.04650724
7.89,-0.025211722
7.895,0.07335889
7.9,0.10687865
7.905,0.062212303
7.91,-0.039207175
7.915,0.020734549
7.92,0.031003311
7.925,0.07332842
7.93,-0.041426077
7.935,-0.054424576
7.94,-0.009399846
7.945,0.02616191
7.95,-0.02376417
7.955,-0.038134716
7.96,0.028247222
7.965,0.0027623028
7.97,0.050765187
7.975,-0.0046491474
7.98,0.014986336
7.985,0.03803152
7.99,0.086077064
7.995,0.054623768
8.0,0.023406565
8.005,-0.026367329
8.01,0.024020746
8.015,0.024211094
8.02,0.044059962
8.025,0.02963616
8.03,0.022430316
8.035,0.024764672
8.04,0.021815628
8.045,0.048887894
8.05,0.046408117
8.055,-0.0062230155
8.06,0.0033017248
8.065,0.02827464
8.07,0.049306497
8.075,0.07836652
8.08,0.0029115975
8.085,0.038162783
8.09,0.07778798
8.095,-0.005982548
8.1,0.041815206
8.105,0.07329665
8.11,0.14454184
8.115,0.08352278
8.12,0.17699589
8.125,0.16852461
8.13,0.100796595
8.135,0.11218022
8.14,0.0549998
8.145,0.061427444
8.15,0.14078479
8.155,0.13438798
8.16,0.04412806
8.165,0.085570395
8.17,0.12838562
8.175,0.075200394
8.18,0.15380247
8.185,0.044991314
8.19,0.012176618
8.195,0.062339544
8.2,-0.018688701
8.205,-0.03445582
8.21,-0.038345516
8.215,0.0497396
8.22,0.013366863
8.225,0.026043236
8.23,-0.042985745
8.235,0.05011928
8.24,0.087741256
8.245,0.057362095
8.25,0.03790909
8.255,0.03225115
8.26,0.050104633
8.265,0.12612303
8.27,0.014257759
8.275,0.032417387
8.28,0.025171265
8.285,0.097260356
8.29,-0.010816641
8.295,0.06488788
8.3,-0.02099546
8.305,-0.022059046
8.31,-0.039086714
8.315,0.040764958
8.32,-0.06617447
8.325,-0.0646942
8.33,0.021413863
8.335,-0.030587554
8.34,-0.03871219
8.345,0.0445558
8.35,0.02573818
8.355,-0.07829039
8.36,0.018120587
8.365,0.009695098
8.37,-0.000594154
8.375,0.02821891
8.38,0.03600453
8.385,-0.011924073
8.39,-0.0050669387
8.395,0.0075145364
8.4,-0.01773762
8.405,0.086671904
8.41,0.010518551
8.415,0.037035465
8.42,-0.032802843
8.425,0.011727855
8.43,-0.012870461
8.435,-0.028305791
8.44,-0.07006721
8.445,0.034980386
8.45,-0.003021419
8.455,0.06580339
8.46,0.0024499893
8.465,-0.020140894
8.47,0.03196843
8.475,-0.00030606985
8.48,0.098317534
8.485,-0.029677533
8.49,0.055885777
8.495,0.079955906
8.5,0.0776048
8.505,0.07634878
8.51,0.09474419
8.515,0.15102924
8.52,0.0914623
8.525,0.028179035
8.53,0.041082114
8.535,0.08144647
8.54,0.08995798
8.545,0.003343895
8.55,-0.026221827
8.555,0.00023378432
8.56,0.026910916
8.565,-0.012836359
8.57,0.012538686
8.575,0.032372415
8.58,-0.044083796
8.585,-0.057087183
8.59,-0.014962673
8.595,0.040476874
8.6,0.08968049
8.605,0.012264669
8.61,-0.04131245
8.615,0.01731944
8.62,0.12450735
8.625,0.06683029
8.63,0.03919387
8.635,0.0030308068
8.64,0.07579583
8.645,0.14281286
8.65,0.028144747
8.655,0.020841926
8.66,0.01233387
8.665,0.036505297
8.67,0.011226147
8.675,0.030687809
8.68,-0.0029183924
8.685,-0.055355497
8.69,-0.060625575
8.695,0.048665658
8.7,-0.025133707
8.705,-0.017083183
8.71,0.033483997
8.715,-0.007837236
8.72,-0.0126757845
8.725,-0.026999556
8.73,0.019846722
8.735,-0.060542315
8.74,0.08437973
8.745,-0.02871801
8.75,-0.045187376
8.755,0.05034381
8.76,0.0009380728
8.765,-0.04649879
8.77,-0.02950561
8.775,-0.01940035
8.78,-0.028051816
8.785,0.013702363
8.79,0.018052012
8.795,-0.032945193
8.8,-0.044339545
8.805,-0.074751005
8.81,0.022668704
8.815,-0.026101246
8.82,-0.07566109
8.825,0.036187813
8.83,-0.0012634546
8.835,-0.00890664
8.84,-0.021738976
8.845,-0.06730954
8.85,0.0017472059
8.855,0.0254194
8.86,-0.016179591
8.865,0.03097786
8.87,0.0119307935
8.875,0.0076061636
8.88,0.056383193
8.885,0.047782272
8.89,0.07571711
8.895,0.050088733
8.9,-0.0024942756
8.905,0.03537233
8.91,0.009640604
8.915,0.07610321
8.92,0.0014498234
8.925,0.019119576
8.93,0.026989847
8.935,-0.031072825
8.94,0.007698044
8.945,-0.011728659
8.95,0.046277627
8.955,0.03729208
8.96,0.115623996
8.965,0.011200309
8.97,0.028163776
8.975,0.13519923
8.98,0.094094515
8.985,0.0020591766
8.99,0.07061282
8.995,0.085361496
9.0,0.12914167
9.005,0.09374054
9.01,0.04034306
9.015,0.02276346
9.02,0.12068252
9.025,0.087128714
9.03,0.016645372
9.035,0.041220963
9.04,0.05248657
9.045,0.06815879
9.05,0.05329947
9.055,0.02108787
9.06,-0.0005003959
9.065,0.022921264
9.07,0.0012899786
9.075,0.027418137
9.08,0.043676257
9.085,0.0515614
9.09,0.078765556
9.095,0.06553905
9.1,0.0054715276
9.105,0.015106842
9.11,0.06871422
9.115,0.034903213
9.12,0.08045015
9.125,0.13216265
9.13,-0.00287427
9.135,0.08131693
9.14,0.08756842
9.145,-0.018528521
9.15,-0.0045492053
9.155,0.059694454
9.16,0.036125198
9.165,0.019548386
9.17,0.07240842
9.175,-0.06494567
9.18,-0.03410212
9.185,-0.031416938
9.19,0.060769573
9.195,-0.035395585
9.2,-0.0075642318
9.205,-0.035188906
9.21,0.06217681
9.215,-0.003032118
9.22,-0.03696119
9.225,-0.019710518
9.23,-0.014376663
9.235,0.0034980923
9.24,-0.034438647
9.245,-0.018904865
9.25,-0.05599191
9.255,-0.012450464
9.26,0.017554864
9.265,0.03062582
9.27,0.017529339
9.275,0.017515913
9.28,-0.017213404
9.285,0.00016985834
9.29,-0.028197765
9.295,-0.028922014
9.3,-0.017472416
9.305,-0.029475011
9.31,-0.03948436
9.315,-0.04028161
9.32,-0.05507634
9.325,0.011641294
9.33,0.0031058788
9.335,0.037785366
9.34,-0.008877635
9.345,0.0044309795
9.35,0.03312239
9.355,0.12751894
9.36,0.045970887
9.365,0.02296473
9.37,0.03179519
9.375,0.056501567
9.38,0.11549233
9.385,0.05900213
9.39,0.006961927
9.395,0.048055515
9.4,0.049972042
9.405,0.10054931
9.41,0.053592548
9.415,-0.038670264
9.42,0.0054798573
9.425,0.052297503
9.43,0.056941956
9.435,0.020958886
9.44,-0.025880389
9.445,0.010201424
9.45,-0.004066333
9.455,-0.01188767
9.46,0.03130907
9.465,-0.0023407787
9.47,-0.0027393103
9.475,-0.05071149
9.48,-0.04252427
9.485,0.019829541
9.49,-0.03530395
9.495,0.022412702
9.5,0.0734659
9.505,-0.03885895
9.51,-0.0063144118
9.515,-0.025014192
9.52,-0.07126028
9.525,-0.013614424
9.53,-9.064376e-05
9.535,0.022116795
9.54,-0.013798721
9.545,0.031158105
9.55,-0.04607988
9.555,-0.035266295
9.56,-0.04070761
9.565,-0.015384495
9.57,-0.038229197
9.575,0.032466516
9.58,-0.046946324
9.585,-0.0060444027
9.59,-0.014948547
9.595,0.0035077482
9.6,-0.051223233
9.605,-0.009867325
9.61,-0.03367708
9.615,0.024837404
9.62,0.03092882
9.625,-0.01610022
9.63,-0.017251417
9.635,-0.034007467
9.64,0.07179941
9.645,0.060725927
9.65,0.03630899
9.655,-0.0044794083
9.66,0.014330015
9.665,0.060242638
9.67,0.06277454
9.675,0.017854348
9.68,0.010545075
9.685,0.055901214
9.69,-0.036039375
9.695,0.0041549206
9.7,-0.017371073
9.705,-0.0030578077
9.71,0.041570067
9.715,0.046068266
9.72,0.04888831
9.725,0.04088828
9.73,-0.0061213896
9.735,0.085222825
9.74,0.1161474
9.745,0.020280272
9.75,0.045943066
9.755,0.05571182
9.76,0.13138922
9.765,0.070183784
9.77,0.068432406
9.775,-0.012145929
9.78,0.047680885
9.785,0.04274246
9.79,0.12827922
9.795,-0.010442026
9.8,0.026802137
9.805,-0.028335355
9.81,0.0076413155
9.815,0.048513144
9.82,0.026337117
9.825,0.0055360943
9.83,0.0014809668
9.835,0.052601412
9.84,0.05666867
9.845,-0.009151541
9.85,0.035901085
9.855,0.05169426
9.86,0.052982703
9.865,0.08218327
9.87,0.15125252
9.875,0.060158864
9.88,0.030832216
9.885,0.15141548
9.89,-0.0066255704
9.895,0.007879615
9.9,0.12409197
9.905,0.061983347
9.91,0.0784767
9.915,0.099563286
9.92,0.055624187
9.925,0.008198366
9.93,-0.007281579
9.935,-0.012188107
9.94,-0.019206233
9.945,-0.052104734
9.95,0.00061139464
9.955,0.03140281
9.96,0.010864586
9.965,-0.036896534
9.97,0.1077531
9.975,-0.0015537888
9.98,-0.044651143
9.985,0.0330223
9.99,0.06203115
9.995,0.013623521
10.0,-0.029565133
10.005,0.06995587
10.01,0.08849549
10.015,0.109764695
10.02,0.04968667
10.025,-0.025266603
10.03,0.0052793026
10.035,0.04363157
10.04,0.117240414
10.045,0.04527597
10.05,0.010116011
10.055,-0.0046664476
10.06,0.14013009
10.065,0.030319631
10.07,0.10611996
10.075,0.021549016
10.08,0.024149925
10.085,-0.0050760135
10.09,0.020326003
10.095,0.040372625
10.1,0.08017114
10.105,0.050998107
10.11,0.0050240606
10.115,0.026064605
10.12,0.19345088
10.125,0.12858702
10.13,0.046478152
10.135,-0.02453313
10.14,0.099855244
10.145,0.19615577
10.15,0.074520916
10.155,0.10670921
10.16,-0.05728849
10.165,0.11218317
10.17,0.04068628
10.175,0.11122981
10.18,0.068534195
10.185,-0.037843645
10.19,0.015447617
10.195,0.04465036
10.2,0.021940082
10.205,-0.0017398298
10.21,-0.056491084
10.215,-0.06075581
10.22,0.010649443
10.225,-0.019094348
10.23,-0.059233822
10.235,0.025351405
10.24,-0.033833317
10.245,0.11253755
10.25,0.14971553
10.255,-0.010319129
10.26,0.04221694
10.265,0.052415892
10.27,-0.02861569
10.275,0.041308314
10.28,0.1014839
10.285,0.033434793
10.29,0.0580986
10.295,0.061782435
10.3,-0.030994534
10.305,0.099644944
10.31,-0.012484238
10.315,-0.030563712
10.32,0.02513735
10.325,0.031203121
10.33,0.034413695
10.335,0.03240469
10.34,-0.012161754
10.345,0.038624182
10.35,-0.003785938
10.355,0.049610347
10.36,-0.017446324
10.365,-0.004929453
10.37,0.0035234243
10.375,0.13172035
10.38,0.0560347
10.385,0.057704076
10.39,-0.059233673
10.395,0.19237737
10.4,0.10325433
10.405,0.115693316
10.41,0.009713516
10.415,0.04734394
10.42,0.13048719
10.425,0.11470103
10.43,0.09880461
10.435,0.017441213
10.44,0.05454068
10.445,0.13142367
10.45,0.1424243
10.455,-0.04834576
10.46,-0.027474679
10.465,0.0010224879
10.47,0.08745064
10.475,-0.013620414
10.48,0.08655423
10.485,0.018292546
10.49,-0.011335865
10.495,0.05950901
10.5,0.16102175
10.505,0.19529815
10.51,0.0041242093
10.515,0.025618821
10.52,0.1610892
10.525,0.25614083
10.53,0.0891415
10.535,0.08750433
10.54,-0.045241505
10.545,0.20026998
10.55,0.09046835
10.555,0.07838158
10.56,0.1193891
10.565,0.009631395
10.57,-0.014936939
10.575,0.04648617
10.58,0.015990019
10.585,0.04587899
10.59,0.0026957095
10.595,0.057443693
10.6,0.10379884
10.605,0.04824829
10.61,0.066367194
10.615,0.12516056
10.62,0.03268066
10.625,0.21039905
10.63,0.18241568
10.635,0.056415245
10.64,0.033499926
10.645,0.05041091
10.65,-0.06661338
10.655,0.059910595
10.66,0.029833883
10.665,-0.0037637055
10.67,0.048781306
10.675,0.013076469
10.68,-0.0236874
10.685,0.090173274
10.69,-0.037517667
10.695,-0.01864881
10.7,0.020656183
10.705,0.034409925
10.71,0.0009456277
10.715,0.037420556
10.72,-0.041338943
10.725,0.0034695119
10.73,0.01254639
10.735,0.051276237
10.74,-0.015675135
10.745,0.007832617
10.75,0.010925561
10.755,0.09468047
10.76,0.02124089
10.765,0.014906764
10.77,0.028147966
10.775,0.15194882
10.78,0.049244985
10.785,0.052978054
10.79,0.0572138
10.795,0.11514214
10.8,0.07687345
10.805,-0.015514009
10.81,-0.016453773
10.815,0.07459539
10.82,0.10328032
10.825,0.06290147
10.83,0.06339571
10.835,0.025300339
10.84,0.014508054
10.845,0.04492663
10.85,0.14002399
10.855,0.058122486
10.86,-0.025645688
10.865,-0.0038261116
10.87,0.10164718
10.875,0.10365361
10.88,0.102956176
10.885,0.04744725
10.89,0.053920686
10.895,0.14580669
10.9,0.1881771
10.905,0.13705926
10.91,-0.035167396
10.915,0.02082403
10.92,0.14651494
10.925,0.18970926
10.93,0.039453357
10.935,-0.0077138245
10.94,-0.03391008
10.945,0.06842761
10.95,0.07063986
10.955,0.042768866
10.96,-0.03275436
10.965,-0.03973701
10.97,-0.04008618
10.975,0.10759336
10.98,0.010309294
10.985,-0.017804854
10.99,0.051145896
10.995,0.05849348
11.0,0.039108917
11.005,0.1832592
11.01,0.008997813
11.015,-0.017122477
11.02,-0.0166037
11.025,0.12602283
11.03,-0.0417192
11.035,0.093725145
11.04,-0.020921446
11.045,0.1212074
11.05,0.053329155
11.055,-0.020623975
11.06,0.043902934
11.065,0.083596826
11.07,0.011769161
11.075,0.04953462
11.08,0.12241401
11.085,-0.0013589263
11.09,-0.012086041
11.095,0.0019773394
11.1,-0.051869936
11.105,-0.009298705
11.11,-0.013562366
11.115,-0.009334244
11.12,0.017564192
11.125,0.06411287
11.13,0.04362707
11.135,0.024310276
11.14,0.041256353
11.145,0.055395186
11.15,0.08245157
11.155,0.1492167
11.16,0.07882887
11.165,0.12064247
11.17,-0.0032496005
11.175,0.02686438
11.18,0.07235485
11.185,0.098639816
11.19,0.05963023
11.195,-0.01708392
11.2,-0.03446292
11.205,0.10499883
11.21,-0.0005123019
11.215,-0.042191803
11.22,0.115276545
11.225,-0.011378676
11.23,0.023226082
11.235,-0.0062672123
11.24,0.106092274
11.245,0.10322307
11.25,0.038662523
11.255,0.0073317587
11.26,0.02705793
11.265,0.11289525
11.27,0.11885372
11.275,0.09017049
11.28,-0.014230967
11.285,0.047427952
11.29,0.09312017
11.295,0.12174623
11.3,-0.008403562
11.305,0.018548116
11.31,0.038583532
11.315,0.012543082
11.32,0.025072426
11.325,0.059098497
11.33,-0.019824214
11.335,0.06579076
11.34,0.050097495
11.345,-0.03311778
11.35,0.11704646
11.355,0.0930358
11.36,-0.06087014
11.365,0.131335
11.37,0.13136677
11.375,0.012418523
11.38,0.07764347
11.385,0.17655857
11.39,0.04248728
11.395,0.10002373
11.4,0.0858295
11.405,-0.0035895854
11.41,-0.008195467
11.415,0.22637154
11.42,0.06733076
11.425,0.11339472
11.43,0.091719404
11.435,-0.004927814
11.44,-0.0008725226
11.445,0.08900441
11.45,-0.03012827
11.455,0.032488227
11.46,0.038755074
11.465,-0.032327086
11.47,-0.0020026118
11.475,0.0044500083
11.48,-0.06747714
11.485,-0.04792227
11.49,-0.015085988
11.495,-0.0065160617
11.5,-0.035593413
11.505,0.0023079216
11.51,-0.04172816
11.515,-0.037196696
11.52,0.02680181
11.525,0.071817026
11.53,0.025045842
11.535,-0.0024473518
11.54,0.07039806
11.545,0.03667918
11.55,0.017880931
11.555,0.026606947
11.56,0.011928856
11.565,-0.0073437765
11.57,-0.016187385
11.575,0.07867277
11.58,0.05618888
11.585,-0.0046180487
11.59,-0.066846944
11.595,0.08204973
11.6,0.069119945
11.605,0.024622515
11.61,-0.041296095
11.615,0.10610144
11.62,0.06507394
11.625,0.0783544
11.63,-0.009815812
11.635,0.11793344
11.64,0.1307851
11.645,0.10164656
11.65,0.031357348
11.655,0.07146007
11.66,0.09359595
11.665,0.15502499
11.67,0.012603998
11.675,-0.05058927
11.68,-0.06782065
11.685,0.07079342
11.69,0.028837755
11.695,-0.028497733
11.7,0.07151948
11.705,-0.009062618
11.71,-0.015686594
11.715,0.10956836
11.72,0.011412784
11.725,0.0066022277
11.73,0.071477115
11.735,0.048899338
11.74,0.03235066
11.745,0.08843209
11.75,0.1311626
11.755,-0.0223611
11.76,0.026127726
11.765,0.122602805
11.77,-0.025880307
11.775,0.08243838
11.78,0.09412958
11.785,0.021562397
11.79,0.18086277
11.795,0.14027135
11.8,0.055710405
11.805,0.1265441
11.81,0.072500214
11.815,-0.051048376
11.82,0.08287321
11.825,0.0582024
11.83,-0.019171186
11.835,0.09121302
11.84,-0.009001739
11.845,-0.020141013
11.85,0.048096523
11.855,-0.061642528
11.86,-0.054965697
11.865,0.033867985
11.87,-0.036230296
11.875,-0.029395975
11.88,-0.03799577
11.885,0.07411493
11.89,0.0021951497
11.895,0.049794465
11.9,0.055108175
11.905,0.043353543
11.91,0.05644022
11.915,0.0712447
11.92,0.12426643
11.925,0.1034092
11.93,0.0060907155
11.935,-0.029574916
11.94,0.057385296
11.945,0.061265483
11.95,0.06680119
11.955,-0.027768888
11.96,0.06955345
11.965,0.07079017
11.97,0.011318594
11.975,0.016154334
11.98,0.027056292
11.985,0.10891947
11.99,0.023049235
11.995,-0.06446917
12.0,0.040200964
12.005,0.12432666
12.01,0.002240315
12.015,0.01821296
12.02,-0.006695308
12.025,0.10415244
12.03,0.04894644
12.035,0.025031328
12.04,-0.051302306
12.045,0.031803235
12.05,0.01675266
12.055,0.0053095967
12.06,0.030846342
12.065,-0.0755319
12.07,0.0036071092
12.075,0.060936242
12.08,0.049026966
12.085,0.05278729
12.09,0.1620317
12.095,0.06579788
12.1,0.083964914
12.105,0.12093173
12.11,0.098847404
12.115,0.06580047
12.12,0.1800418
12.125,0.105415225
12.13,0.13216828
12.135,0.060949057
12.14,0.020105615
12.145,0.073817104
12.15,0.11781746
12.155,0.093879804
12.16,0.23421757
12.165,0.106742844
12.17,0.16813625
12.175,0.18057604
12.18,0.03766182
12.185,0.041820765
12.19,0.1696537
12.195,0.0439229
12.2,0.084417894
12.205,0.23671494
12.21,0.009163663
12.215,0.0820093
12.22,0.05711764
12.225,-0.015950158
12.23,0.084739566
12.235,0.070859104
12.24,-0.014248073
12.245,-0.009199381
12.25,0.053207308
12.255,-0.026182942
12.26,-0.019286253
12.265,0.014732733
12.27,0.010121182
12.275,0.07568288
12.28,0.054125607
12.285,0.029758677
12.29,0.037352473
12.295,0.04534465
12.3,0.072459236
12.305,0.103443354
12.31,-0.019284934
12.315,-0.03770382
12.32,0.04684764
12.325,0.08171706
12.33,-0.010442309
12.335,-0.04825183
12.34,-0.037695922
12.345,0.09890631
12.35,0.004846126
12.355,-0.0077541173
12.36,0.01568897
12.365,0.034770846
12.37,0.0927605
12.375,-0.01779978
12.38,0.069331825
12.385,0.04395102
12.39,0.041703463
12.395,-0.02063609
12.4,-0.016644515
12.405,0.09460299
12.41,0.07955702
12.415,-0.05591782
12.42,-0.056051128
12.425,0.03828457
12.43,0.037686184
12.435,0.014996856
12.44,-0.036394984
12.445,0.01013425
12.45,-0.00493674
12.455,0.001974687
12.46,0.014373824
12.465,0.0023028255
12.47,0.02928622
12.475,-0.015135787
12.48,0.016342297
12.485,-0.01299987
12.49,0.01897423
12.495,-0.016319387
12.5,0.03553827
12.505,-0.04589223
12.51,-0.017153107
12.515,-0.053345434
12.52,0.012937918
12.525,0.022966087
12.53,-0.006287001
12.535,0.03306544
12.54,0.011675835
12.545,0.08363032
12.55,0.119423956
12.555,-0.015803024
12.56,-0.02688878
12.565,0.12427957
12.57,-0.006553717
12.575,-0.025785334
12.58,0.20904265
12.585,-0.020734198
12.59,0.021403298
12.595,0.061802924
12.6,0.047562063
12.605,-0.01375512
12.61,0.103827834
12.615,-0.010067515
12.62,-0.067412995
12.625,0.04990518
12.63,-0.040793613
12.635,0.052270085
12.64,0.019606411
12.645,0.01567714
12.65,0.046855733
12.655,0.09804425
12.66,0.07642476
12.665,0.10124378
12.67,0.03766474
12.675,0.060937017
12.68,0.12005173
12.685,0.12640314
12.69,0.062565774
12.695,-0.04678604
12.7,0.015927926
12.705,0.11931743
12.71,-0.011283465
12.715,-0.008138008
12.72,-0.053190656
12.725,0.07431561
12.73,0.010916755
12.735,-0.023655288
12.74,0.010481507
12.745,-0.015740111
12.75,0.02101469
12.755,-0.08148447
12.76,0.07379022
12.765,-0.0068094656
12.77,0.044102654
12.775,-0.048556186
12.78,0.01138176
12.785,0.02804856
12.79,0.066741824
12.795,-0.022153795
12.8,-0.008332223
12.805,0.030006021
12.81,-0.029847056
12.815,0.022720098
12.82,0.005134687
12.825,-0.05691041
12.83,-0.07921381
12.835,-0.071073145
12.84,0.02228655
12.845,-0.045970365
12.85,-0.026796661
12.855,-0.0025379509
12.86,0.056777388
12.865,0.055691123
12.87,0.10247882
12.875,0.1385806
12.88,0.06854862
12.885,-0.0011173487
12.89,0.062993884
12.895,0.06910451
12.9,-0.024133846
12.905,0.053740233
12.91,0.050845966
12.915,-0.03394585
12.92,0.09244385
12.925,-0.0370467
12.93,0.104468346
12.935,0.07369459
12.94,0.015117377
12.945,0.14628212
12.95,0.22115128
12.955,0.05674188
12.96,0.15480857
12.965,0.15984727
12.97,0.021375552
12.975,-0.024575658
12.98,-0.008224502
12.985,-0.008822806
12.99,-0.040625848
12.995,-0.039459407
13.0,-0.008872338
13.005,0.027768597
13.01,-0.0067724064
13.015,0.047151506
13.02,0.06386472
13.025,0.0657939
13.03,0.072255045
13.035,0.04265827
13.04,0.09159657
13.045,0.016764775
13.05,0.0717801
13.055,0.028343588
13.06,0.053537503
13.065,0.0019750744
13.07,0.0041096807
13.075,-0.02166567
13.08,0.015501425
13.085,0.019580275
13.09,-0.060597792
13.095,-0.010814942
13.1,-0.02068916
13.105,0.046321884
13.11,0.004909694
13.115,-0.0009443909
13.12,-0.020584658
13.125,-0.022972047
13.13,-0.03310553
13.135,-0.085534774
13.14,0.020660639
13.145,-0.006046906
13.15,-0.038172312
13.155,-0.013618074
13.16,0.028823584
13.165,0.04067187
13.17,0.04700248
13.175,0.038837567
13.18,0.074398175
13.185,0.010160938
13.19,0.050311476
13.195,0.090811044
13.2,-0.001218766
13.205,0.046363935
13.21,-0.016251393
13.215,-0.055308126
13.22,-0.030866347
13.225,-0.07347557
13.23,-0.0688194
13.235,-0.0062353984
13.24,0.03139195
13.245,0.0550635
13.25,0.028716892
13.255,0.019186035
13.26,-0.028417893
13.265,0.0030166358
13.27,-0.040568233
13.275,-0.0017342418
13.28,0.030772954
13.285,0.009468794
13.29,-0.0017714798
13.295,-0.020529263
13.3,0.1114382
13.305,0.016350567
13.31,-0.04216931
13.315,0.034427255
13.32,0.06754579
13.325,0.034988448
13.33,0.16312145
13.335,0.027351469
13.34,0.13513418
13.345,0.07245031
13.35,0.027686864
13.355,0.004775211
13.36,0.17076956
13.365,-0.032088086
13.37,0.04023981
13.375,0.043040827
13.38,-0.022179998
13.385,-0.012871236
13.39,0.037696272
13.395,0.017031044
13.4,0.08574417
13.405,0.06376234
13.41,0.04012525
13.415,0.030503035
13.42,0.009549558
13.425,0.019506603
13.43,0.05225241
13.435,-0.00632447
13.44,0.08880493
13.445,0.07092486
13.45,0.06607954
13.455,-0.0018136203
13.46,0.013013169
13.465,0.01884295
13.47,0.044954583
13.475,-0.035251573
13.48,-0.03985122
13.485,0.047681466
13.49,-0.045285106
13.495,0.0037733167
13.5,-0.038582332
13.505,0.06411266
13.51,-0.00826709
13.515,-0.016403332
13.52,-0.014993802
13.525,0.069400996
13.53,-0.03130433
13.535,-0.011588164
13.54,0.033877194
13.545,0.020481601
13.55,0.02411294
13.555,0.054187983
13.56,-0.023158818
13.565,0.02495873
13.57,0.0066185147
13.575,0.03304252
13.58,0.009515017
13.585,0.012803525
13.59,0.01646325
13.595,0.0012944937
13.6,0.039997414
13.605,0.033069253
13.61,0.056416333
13.615,-0.006627053
13.62,0.025153771
13.625,-0.061458528
13.63,-0.03477034
13.635,-0.023873687
13.64,-0.042266645
13.645,0.041513935
13.65,-0.056275688
13.655,-0.008505784
13.66,0.085643366
13.665,0.022852689
13.67,-0.031072177
13.675,0.19217138
13.68,0.06691736
13.685,0.041983485
13.69,0.074439555
13.695,0.044156626
13.7,0.10899487
13.705,0.119973764
13.71,0.11797783
13.715,0.16269453
13.72,0.15113981
13.725,0.16186158
13.73,0.14547108
13.735,0.1421204
13.74,0.0902458
13.745,0.07630488
13.75,0.0887343
13.755,-0.02138342
13.76,-0.003021732
13.765,0.07827589
13.77,-0.030183494
13.775,0.08680889
13.78,0.09650169
13.785,0.04042086
13.79,0.10989204
13.795,0.13564165
13.8,0.033887953
13.805,0.018035427
13.81,0.047882617
13.815,-0.0066398904
13.82,0.01819776
13.825,-0.015868165
13.83,-0.045797527
13.835,-0.010466129
13.84,0.05408445
13.845,-0.029703699
13.85,0.06664893
13.855,-0.025654696
13.86,0.088290095
13.865,0.13787378
13.87,0.091487706
13.875,0.012185365
13.88,0.09924476
13.885,0.1304866
13.89,-0.0048809797
13.895,0.007984176
13.9,0.0076669455
13.905,0.036613792
13.91,0.01564233
13.915,-0.017415188
13.92,-0.01928883
13.925,0.049278468
13.93,0.020890102
13.935,0.06518957
13.94,0.06863576
13.945,0.073018566
13.95,0.040530205
13.955,-0.033263355
13.96,0.05753839
13.965,0.018975168
13.97,0.053444803
13.975,0.052151114
13.98,0.028027102
13.985,-0.033737876
13.99,-0.01710397
13.995,-0.06411013
14.0,-0.048401803
14.005,0.047106758
14.01,-0.0021820068
14.015,-0.0036303997
14.02,-0.0009338707
14.025,0.05301918
14.03,-0.016413242
14.035,-0.030802466
14.04,0.01196757
14.045,0.063219175
14.05,-0.022525698
14.055,0.116006315
14.06,0.05872616
14.065,0.06267688
14.07,0.115281805
14.075,0.104044065
14.08,-0.0021912307
14.085,0.14394878
14.09,-0.0013918877
14.095,0.035178542
14.1,0.117151365
14.105,-0.039007433
14.11,0.09211612
14.115,0.0809098
14.12,-0.009508565
14.125,0.1282387
14.13,0.012663022
14.135,-0.05552125
14.14,0.025285393
14.145,0.019891098
14.15,-0.037331842
14.155,0.0012093782
14.16,-0.00016380847
14.165,-0.04649981
14.17,-0.012684412
14.175,0.06478487
14.18,-0.055761613
14.185,0.06388573
14.19,-0.011132859
14.195,-0.014398672
14.2,-0.02657342
14.205,0.043697655
14.21,-0.00833977
14.215,0.0002002269
14.22,0.032167897
14.225,-0.019029282
14.23,0.119347006
14.235,0.05170071
14.24,0.19876091
14.245,0.15789069
14.25,0.19991852
14.255,0.009361982
14.26,0.07474607
14.265,0.07836613
14.27,0.065069646
14.275,0.041971788
14.28,0.014455289
14.285,0.04550709
14.29,-0.025277711
14.295,-0.013118498
14.3,-0.0048858672
14.305,0.06688006
14.31,0.047660142
14.315,-0.0042497963
14.32,-0.04015266
14.325,0.0014649928
14.33,0.06808956
14.335,0.026939437
14.34,0.122283444
14.345,0.028579444
14.35,-0.030819967
14.355,-0.033975683
14.36,-0.042425916
14.365,0.003852889
14.37,0.01982817
14.375,-0.008627184
14.38,0.058742985
14.385,-0.008028321
14.39,-0.03473842
14.395,0.03242579
14.4,-0.045547552
14.405,-0.0061658695
14.41,0.013751164
14.415,-0.0077621415
14.42,0.0297831
14.425,0.03923714
14.43,-0.020781271
14.435,0.16890766
14.44,0.012357473
14.445,0.012650564
14.45,0.053771257
14.455,0.08633226
14.46,0.027866825
14.465,0.030243382
14.47,-0.021402173
14.475,0.04905139
14.48,0.043598384
14.485,-0.0030347258
14.49,0.05252306
14.495,0.12558673
14.5,0.020020574
14.505,0.10106675
14.51,-0.022643983
14.515,-0.06204758
14.52,0.01650101
14.525,-0.03379514
14.53,-0.041248694
14.535,-0.02511958
14.54,-0.019143455
14.545,-0.046298683
14.55,-0.039196298
14.555,0.020306021
14.56,-0.028716989
14.565,0.008895293
14.57,-0.011575416
14.575,-0.012126453
14.58,-0.0035661906
14.585,0.0023270994
14.59,0.006026536
14.595,-0.04211331
14.6,0.05138062
14.605,-0.025941156
14.61,0.07693136
14.615,0.046533823
14.62,0.1161174
14.625,0.12550972
14.63,0.09304388
14.635,-0.05460178
14.64,0.011966273
14.645,0.104814515
14.65,-0.040053815
14.655,0.0004917681
14.66,0.017997429
14.665,-0.014248706
14.67,-0.014406621
14.675,-0.02301491
14.68,0.06688815
14.685,0.025520176
14.69,0.01311183
14.695,-0.030691303
14.7,-0.032386445
14.705,-0.0042911917
14.71,0.094815224
14.715,-0.023933686
14.72,0.0890125
14.725,-0.035515487
14.73,-0.08460251
14.735,-0.04288228
14.74,-0.020058222
14.745,-0.036262073
14.75,0.041597918
14.755,0.029809684
14.76,0.014822856
14.765,-0.025870137
14.77,0.025210857
14.775,-0.034584105
14.78,-0.020741016
14.785,-0.038611062
14.79,-0.04110399
14.795,-0.065001994
14.8,0.0055673867
14.805,0.011523366
14.81,0.009030595
14.815,2.8654933e-05
14.82,-0.02216535
14.825,0.071832746
14.83,0.028489023
14.835,-0.030450113
14.84,-0.013028815
14.845,0.008000866
14.85,-0.040281206
14.855,0.023307905
14.86,-0.044081263
14.865,0.033333063
14.87,0.07168272
14.875,-0.0034564883
14.88,0.020169914
14.885,0.057135344
14.89,-0.09074554
14.895,-0.014228776
14.9,0.0014341325
14.905,-0.057494223
14.91,-0.061740883
14.915,-0.016339019
14.92,-0.031813577
14.925,-0.059642024
14.93,-0.03227061
14.935,-0.0032193065
14.94,-0.052819803
14.945,-0.057864137
14.95,-0.016340263
14.955,0.07153551
14.96,-0.058133423
14.965,-0.016072594
14.97,-0.043213166
14.975,0.06595568
14.98,-0.0060216635
14.985,0.07505271
14.99,0.08103734
14.995,0.0098924935
15.0,0.03998977
15.005,-0.00055260956
15.01,0.058268234
15.015,0.02150862
15.02,0.1295016
15.025,-0.058171786
15.03,-0.02973044
15.035,-0.034194715
15.04,-0.0016174018
15.045,-0.014405824
15.05,-0.053132243
15.055,-0.009879038
15.06,-0.03937324
15.065,-0.033446908
15.07,-0.02533435
15.075,-0.014522761
15.08,-0.06697595
15.085,0.023634747
15.09,-0.015737101
15.095,-0.038761407
15.1,-0.03636849
15.105,-0.050679103
15.11,-0.0014183372
15.115,-0.015350334
15.12,0.041156158
15.125,-0.0051711947
15.13,-0.018519789
15.135,0.04110229
15.14,-0.0135027915
15.145,-0.047024243
15.15,-0.012788497
15.155,0.022259966
15.16,-0.038405977
15.165,-0.010592893
15.17,-0.05085668
15.175,0.037737057
15.18,-0.09591675
15.185,-0.05749789
15.19,-0.0034391135
15.195,-0.037970364
15.2,-0.02262175
15.205,0.026910543
15.21,-0.020569421
15.215,-0.020905674
15.22,-0.044949643
15.225,-0.015575856
15.23,-0.05121781
15.235,0.06120923
15.24,-0.0033755451
15.245,-0.0062417313
15.25,-0.001702711
15.255,0.041062936
15.26,0.04193151
15.265,0.004432112
15.27,-0.057048798
15.275,-0.033604175
15.28,0.01779084
15.285,-0.014563985
15.29,-0.033907562
15.295,-0.072032265
15.3,-0.051544845
15.305,-0.073861524
15.31,-0.016580097
15.315,0.0043476224
15.32,-0.039068297
15.325,-0.02811183
15.33,-0.013954841
15.335,-0.0021498501
15.34,0.0005811304
15.345,-0.0010538399
15.35,0.03335601
15.355,-0.0584103
15.36,0.029120043
15.365,-0.02370517
15.37,0.19298227
15.375,0.01559411
15.38,-0.017655902
15.385,-0.02414085
15.39,-0.004492283
15.395,0.06880924
15.4,0.021594837
15.405,0.0018329918
15.41,-0.007850014
15.415,-0.008522682
15.42,-0.016727805
15.425,-0.01135426
15.43,-0.023047112
15.435,-0.07031374
15.44,-0.018529959
15.445,-0.03595095
15.45,0.0075480193
15.455,-0.038668714
15.46,-0.04050573
15.465,-0.03115628
15.47,0.0056219697
15.475,-0.04209458
15.48,-0.03935773
15.485,-0.0331183
15.49,-0.027244635
15.495,-0.047490984
15.5,0.07347253
15.505,-0.013504766
15.51,-0.06432124
15.515,0.006504193
15.52,0.0050869137
15.525,-0.004962951
15.53,-0.024635695
15.535,-0.027645312
15.54,-0.016361356
15.545,-0.048380524
15.55,0.047012866
15.555,-0.025788262
15.56,0.02621542
15.565,-0.02796264
15.57,-0.0027705133
15.575,0.0028045774
15.58,0.031696454
15.585,-0.0030845404
15.59,-0.050124772
15.595,-0.0674901
15.6,0.004108727
15.605,0.028150097
15.61,-0.07147533
15.615,-0.0063512847
15.62,-0.052822582
15.625,0.05150658
15.63,-0.030066296
15.635,0.03793332
15.64,-0.04249318
15.645,0.023725927
15.65,-0.09250009
15.655,-0.0057243854
15.66,-0.014848582
15.665,-0.0071132407
15.67,-0.06120082
15.675,-0.00080631673
15.68,-0.054342836
15.685,-0.019690089
15.69,-0.02740904
15.695,0.035072356
15.7,-0.045399264
15.705,-0.014502041
15.71,-0.0040052235
15.715,-0.0015127808
15.72,-0.0022067577
15.725,0.026233718
15.73,0.026635244
15.735,-0.025113478
15.74,-0.03126941
15.745,-0.034109674
15.75,0.11874649
15.755,-0.05708783
15.76,0.012957022
15.765,0.028328836
15.77,-0.012904994
15.775,-0.021571338
15.78,0.049011588
15.785,-0.011961751
15.79,-0.024072416
15.795,-0.020920187
15.8,-0.002044186
15.805,-0.026980594
15.81,-0.003023699
15.815,-0.056613214
15.82,0.0008434057
15.825,-0.03359034
15.83,0.027544156
15.835,-0.029371329
15.84,-0.015573636
15.845,-0.03891863
15.85,0.05257848
15.855,-0.025596872
15.86,-0.016816907
15.865,-0.006681271
15.87,-0.004309222
15.875,-0.020799346
15.88,0.06490545
15.885,-0.04719445
15.89,-0.050107397
15.895,0.006903559
15.9,-0.025643818
15.905,0.02323708
15.91,0.033011064
15.915,-0.05795964
15.92,0.0030614585
15.925,0.025088713
15.93,-0.023903131
15.935,0.004777536
15.94,0.016778246
15.945,-0.01398135
15.95,-0.036012746
15.955,-0.032399423
15.96,-0.022423938
15.965,0.03924878
15.97,-0.061811022
15.975,0.009204954
15.98,0.039200068
15.985,0.030385733
15.99,-0.0026547015
15.995,-0.03131386
16.0,-0.07905921
16.005,0.07638216
16.01,-0.034495167
16.015,0.008630604
16.02,-0.0021899045
16.025,-0.018294431
16.03,-0.08615011
16.035,-0.015544273
16.04,-0.005258061
16.045,-0.043837935
16.05,-0.03844504
16.055,-0.022725813
16.06,-0.08515626
16.065,-0.0029566437
16.07,-0.025360368
16.075,0.02578418
16.08,-0.038160488
16.085,-0.04627832
16.09,-0.01766865
16.095,0.019566327
16.1,-0.0026040971
16.105,-0.022524804
16.11,0.01088956
16.115,-0.050620966
16.12,0.02146338
16.125,0.018355533
16.13,0.074117646
16.135,-0.049782597
16.14,-0.007604055
16.145,0.008955419
16.15,0.008113489
16.155,-0.015783757
16.16,-0.016926385
16.165,-0.06727155
16.17,-0.019008704
16.175,0.030233622
16.18,-0.0039523244
16.185,-0.027723745
16.19,-0.06855817
16.195,-0.06678828
16.2,0.082959026
16.205,-0.026998274
16.21,0.018253535
16.215,-0.04058221
16.22,-0.032401934
16.225,-0.02603478
16.23,0.08765115
16.235,-0.004742712
16.24,-0.01388821
16.245,-0.046573244
16.25,0.0091944635
16.255,0.057106793
16.26,0.036216184
16.265,-0.029043771
16.27,-0.010728128
16.275,-0.0026949793
16.28,0.013366938
16.285,0.049792692
16.29,0.06733732
16.295,-0.065873355
16.3,-0.019255757
16.305,0.035498187
16.31,0.047153547
16.315,0.022612482
16.32,-0.0057095885
16.325,-0.006691046
16.33,0.023782
16.335,-0.00015218556
16.34,0.033026785
16.345,0.0111458
16.35,-0.060102522
16.355,0.041466445
16.36,0.009885848
16.365,0.09296732
16.37,-0.00709676
16.375,-0.014952444
16.38,-0.06888408
16.385,0.04021454
16.39,0.037259206
16.395,0.010094717
16.4,-0.020532936
16.405,-0.03410551
16.41,-0.060455725
16.415,-0.0022126734
16.42,0.040727973
16.425,0.00023832917
16.43,-0.057628527
16.435,-0.05953888
16.44,-0.044675834
16.445,0.039365053
16.45,0.01190114
16.455,0.0064484477
16.46,-0.056407996
16.465,-0.08072293
16.47,0.023281798
16.475,0.06045738
16.48,0.0036324114
16.485,-0.07260075
16.49,-0.01033856
16.495,-0.028447144
16.5,0.041283473
16.505,0.007120371
16.51,0.031108633
16.515,-0.048720255
16.52,-0.025242269
16.525,0.013532922
16.53,0.044980213
16.535,-0.026312664
16.54,-0.030620866
16.545,-0.045757353
16.55,-0.029506207
16.555,0.06870398
16.56,0.0011626929
16.565,-0.03505075
16.57,-0.060440086
16.575,-0.006863013
16.58,0.056861
16.585,0.05151552
16.59,0.025621712
16.595,-0.018858097
16.6,0.04056953
16.605,0.028569981
16.61,0.1119992
16.615,0.002611056
16.62,-0.0024328828
16.625,-0.024470523
16.63,0.02562669
16.635,0.06529561
16.64,0.05915691
16.645,-0.01867152
16.65,0.03737849
16.655,0.0016144067
16.66,0.050013572
16.665,0.048755556
16.67,0.08503477
16.675,-0.038600624
16.68,0.03853357
16.685,0.016726613
16.69,0.029668316
16.695,0.013530314
16.7,0.026471123
16.705,-0.014943793
16.71,0.010463953
16.715,0.06556858
16.72,0.040865183
16.725,0.012578383
16.73,-0.049786128
16.735,0.030011952
16.74,0.0065172017
16.745,0.0359132
16.75,0.006128609
16.755,-0.021821104
16.76,-0.07389936
16.765,0.015446961
16.77,0.04177092
16.775,0.031373173
16.78,-0.032653928
16.785,-0.066571556
16.79,-0.005622722
16.795,-0.0075368583
16.8,0.01128158
16.805,0.0031143725
16.81,-0.038533203
16.815,-0.072663665
16.82,-0.028446041
16.825,0.025842354
16.83,0.017782211
16.835,-0.046913564
16.84,-0.051161706
16.845,-0.0368345
16.85,0.011464566
16.855,0.03718789
16.86,-0.027181223
16.865,-0.033010438
16.87,0.008041427
16.875,-0.02135618
16.88,0.023186922
16.885,0.0068577975
16.89,-0.018596292
16.895,0.0019618273
16.9,-0.022898309
16.905,0.006417036
16.91,0.016389474
16.915,0.0100749135
16.92,-0.032888085
16.925,-0.061267383
16.93,-0.012575619
16.935,0.024623558
16.94,-0.025988504
16.945,-0.051987268
16.95,-0.035367556
16.955,-0.020636417
16.96,0.035593957
16.965,0.036316857
16.97,-0.0143135935
16.975,-0.01906158
16.98,-0.024494462
16.985,0.025798023
16.99,0.04849021
16.995,-0.008327335
17.0,-0.015818805
17.005,-0.023535192
17.01,0.04785873
17.015,0.06563848
17.02,0.014883876
17.025,0.013384253
17.03,0.0071113706
17.035,-0.016178213
17.04,0.028103665
17.045,0.05854875
17.05,0.026686102
17.055,-0.017450564
17.06,-0.002718851
17.065,0.02833499
17.07,0.0482188
17.075,-0.020901233
17.08,0.0151272565
17.085,-0.02841235
17.09,0.03998506
17.095,0.0070658177
17.1,0.0050842464
17.105,0.023500174
17.11,0.0249632
17.115,-0.027286738
17.12,0.04144743
17.125,0.046809807
17.13,0.011297047
17.135,-0.008208372
17.14,-0.049746647
17.145,0.028969914
17.15,-0.013615787
17.155,0.07321726
17.16,-0.0154776275
17.165,-0.035811417
17.17,-0.035601065
17.175,-0.015760347
17.18,0.027991533
17.185,0.018538356
17.19,-0.028896153
17.195,-0.06215898
17.2,-0.00021955371
17.205,-0.011158049
17.21,0.074399814
17.215,-0.046327993
17.22,-0.0070917606
17.225,-0.033661447
17.23,-0.036787957
17.235,0.080332294
17.24,0.018190026
17.245,0.03260532
17.25,-0.046972245
17.255,-0.030007556
17.26,0.06502974
17.265,0.038259923
17.27,0.01590389
17.275,-0.04870698
17.28,-0.048239835
17.285,0.03108725
17.29,0.06526615
17.295,-0.0061053038
17.3,-0.017221466
17.305,-0.042499125
17.31,-0.042241134
17.315,0.029071063
17.32,0.067872256
17.325,0.017768905
17.33,-0.0592904
17.335,-0.03958369
17.34,0.04499075
17.345,0.06564015
17.35,-0.02024445
17.355,-0.030630596
17.36,-0.015174776
17.365,0.02145654
17.37,0.023578584
17.375,0.07332905
17.38,-0.008214012
17.385,-0.04891967
17.39,0.031076774
17.395,0.02538164
17.4,0.0668699
17.405,0.00018930435
17.41,0.035075396
17.415,-0.024142303
17.42,-0.01859025
17.425,0.026410878
17.43,0.030447721
17.435,-0.009916849
17.44,0.00879249
17.445,-0.01456999
17.45,0.056288064
17.455,0.0045232177
17.46,-0.02570764
17.465,0.004468113
17.47,-0.04488495
17.475,0.06721784
17.48,-0.021060199
17.485,-0.013239302
17.49,-0.06433457
17.495,0.011715293
17.5,-0.04128147
17.505,0.037190408
17.51,0.010023385
17.515,0.0044184774
17.52,-0.05053424
17.525,-0.05860813
17.53,-0.017309994
17.535,-0.018073514
17.54,-0.009038754
17.545,-0.056157768
17.55,-0.027543642
17.555,-0.021239668
17.56,-0.021921195
17.565,0.039867386
17.57,-0.021815859
17.575,-0.04444787
17.58,-0.011710793
17.585,-0.032699667
17.59,0.033130437
17.595,-0.03482107
17.6,0.0021386445
17.605,-0.043722652
17.61,0.008246735
17.615,-0.012693346
17.62,0.02307403
17.625,-0.051326208
17.63,0.012742192
17.635,-0.054839425
17.64,-0.00091305375
17.645,-0.028280854
17.65,-0.02409222
17.655,-0.0402741
17.66,-0.055832185
17.665,-0.038767435
17.67,-0.015363961
17.675,-0.049883194
17.68,-0.07823086
17.685,-0.07892965
17.69,-0.07424371
17.695,-0.036390483
17.7,-0.03014864
17.705,-0.07760832
17.71,-0.06723405
17.715,-0.07758008
17.72,-0.036043085
17.725,-0.053451464
17.73,-0.06379737
17.735,-0.07529674
17.74,-0.06913787
17.745,-0.060190357
17.75,-0.013868384
17.755,-0.058559507
17.76,-0.070939824
17.765,-0.077643305
17.77,-0.050895765
17.775,-0.0163064
17.78,-0.044458218
17.785,-0.057651654
17.79,-0.060166158
17.795,-0.044549517
17.8,-0.02602867
17.805,-0.039331168
17.81,-0.05484981
17.815,-0.06628415
17.82,-0.065118484
17.825,-0.03700719
17.83,-0.048504263
17.835,-0.058244824
17.84,-0.043790422
17.845,-0.07099219
17.85,-0.029429667
17.855,-0.036488593
17.86,-0.048005074
17.865,-0.079098865
17.87,-0.07393062
17.875,-0.028554872
17.88,-0.05880384
17.885,-0.040024295
17.89,-0.07268321
17.895,-0.06605571
17.9,-0.06472103
17.905,-0.085264824
17.91,-0.045077436
17.915,-0.057367407
17.92,-0.052565247
17.925,-0.10418022
17.93,-0.077058256
17.935,-0.053490065
17.94,-0.058053575
17.945,-0.025097929
17.95,-0.070046574
17.955,-0.058308974
17.96,-0.074125916
17.965,-0.043324165
17.97,-0.03445325
17.975,-0.031521045
17.98,-0.07679827
17.985,-0.07834144
17.99,-0.046007954
17.995,-0.07573193
18.0,-0.011099361
18.005,-0.094279684
18.01,-0.06034016
18.015,-0.08579454
18.02,-0.04930214
18.025,-0.05047977
18.03,-0.05483666
18.035,-0.08301737
18.04,-0.06054969
18.045,-0.080952555
18.05,-0.050648987
18.055,-0.058917835
18.06,-0.09282194
18.065,-0.09643704
18.07,-0.07335124
18.075,-0.06611307
18.08,-0.078935705
18.085,-0.06899637
18.09,-0.107840545
18.095,-0.10001056
18.1,-0.06890166
18.105,-0.06274257
18.11,-0.07361788
18.115,-0.076691866
18.12,-0.11082244
18.125,-0.058747046
18.13,-0.06579828
18.135,-0.06589791
18.14,-0.086076066
18.145,-0.07311183
18.15,-0.08362234
18.155,-0.053706564
18.16,-0.07023635
18.165,-0.06509363
18.17,-0.10007374
18.175,-0.09440408
18.18,-0.06899656
18.185,-0.08457793
18.19,-0.078304775
18.195,-0.09381472
18.2,-0.0868108
18.205,-0.07983768
18.21,-0.095667824
18.215,-0.08661246
18.22,-0.089864165
18.225,-0.10630764
18.23,-0.09494673
18.235,-0.09549807
18.24,-0.08792566
18.245,-0.09307219
18.25,-0.10599776
18.255,-0.112115294
18.26,-0.09535129
18.265,-0.09331985
18.27,-0.09616864
18.275,-0.10511858
18.28,-0.10538327
18.285,-0.104827225
18.29,-0.08626611
18.295,-0.08766097
18.3,-0.09346846
18.305,-0.08669645
18.31,-0.10511045
18.315,-0.079807825
18.32,-0.08526209
18.325,-0.075589344
18.33,-0.100337975
18.335,-0.08927946
18.34,-0.09837356
18.345,-0.08261647
18.35,-0.08752845
18.355,-0.098657
18.36,-0.0987772
18.365,-0.093731314
18.37,-0.09517187
18.375,-0.10089591
18.38,-0.08886026
18.385,-0.09808378
18.39,-0.10365572
18.395,-0.096824855
18.4,-0.10044511
18.405,-0.08698667
18.41,-0.09847801
18.415,-0.09255408
18.42,-0.09512355
18.425,-0.10873352
18.43,-0.101730414
18.435,-0.087498054
18.44,-0.100798965
18.445,-0.10537411
18.45,-0.10838045
18.455,-0.09856819
18.46,-0.09689632
18.465,-0.10946029
18.47,-0.10820016
18.475,-0.1050703
18.48,-0.10004436
18.485,-0.09716068
18.49,-0.096355416
18.495,-0.10767509
18.5,-0.1022003
18.505,-0.09618144
18.51,-0.0929518
18.515,-0.09591925
18.52,-0.10222084
18.525,-0.10309921
18.53,-0.09099166
18.535,-0.09595385
18.54,-0.081349514
18.545,-0.105589524
18.55,-0.10823899
18.555,-0.10980302
18.56,-0.09475331
18.565,-0.086805835
18.57,-0.09902782
18.575,-0.11595231
18.58,-0.10817475
18.585,-0.09707241
18.59,-0.09150235
18.595,-0.0929732
18.6,-0.11315028
18.605,-0.108241305
18.61,-0.10541069
18.615,-0.100189276
18.62,-0.09553292
18.625,-0.0931672
18.63,-0.1143561
18.635,-0.11564325
18.64,-0.104411185
18.645,-0.09472654
18.65,-0.09701669
18.655,-0.11623793
18.66,-0.10553249
18.665,-0.09823945
18.67,-0.112703316
18.675,-0.09784873
18.68,-0.10572159
18.685,-0.109577104
18.69,-0.10879535
18.695,-0.098062724
18.7,-0.10492985
18.705,-0.10071756
18.71,-0.108649
18.715,-0.110201985
18.72,-0.10915481
18.725,-0.11100486
18.73,-0.100350395
18.735,-0.11429603
18.74,-0.111384876
18.745,-0.11444271
18.75,-0.11568253
18.755,-0.106384136
18.76,-0.10549808
18.765,-0.11446604
18.77,-0.11170621
18.775,-0.111126244
18.78,-0.105547115
18.785,-0.10098064
18.79,-0.10907219
18.795,-0.11525489
18.8,-0.110601336
18.805,-0.11594598
18.81,-0.101730965
18.815,-0.101736546
18.82,-0.11302144
18.825,-0.1169384
18.83,-0.11244653
18.835,-0.10671012
18.84,-0.10456211
18.845,-0.10643698
18.85,-0.12144216
18.855,-0.107135214
18.86,-0.109473094
18.865,-0.10456381
18.87,-0.10770543
18.875,-0.10649874
18.88,-0.11727965
18.885,-0.10821159
18.89,-0.10851865
18.895,-0.10362031
18.9,-0.105118975
18.905,-0.12014787
18.91,-0.11045164
18.915,-0.11385755
18.92,-0.11165378
18.925,-0.10619342
18.93,-0.11393772
18.935,-0.11996642
18.94,-0.11351591
18.945,-0.11441916
18.95,-0.10851793
18.955,-0.11225614
18.96,-0.116995536
18.965,-0.116502784
18.97,-0.11082387
18.975,-0.11343258
18.98,-0.10847622
18.985,-0.11588347
18.99,-0.12111701
18.995,-0.118406735
19.0,-0.11808945
19.005,-0.11153266
19.01,-0.121518455
19.015,-0.12081365
19.02,-0.11700541
19.025,-0.1180699
19.03,-0.11527279
19.035,-0.11738503
19.04,-0.11176011
19.045,-0.11195566
19.05,-0.122392096
19.055,-0.111768395
19.06,-0.11461673
19.065,-0.11169349
19.07,-0.11628088
19.075,-0.10828755
19.08,-0.120947525
19.085,-0.11521885
19.09,-0.12212955
19.095,-0.113783054
19.1,-0.11552659
19.105,-0.12089762
19.11,-0.120661914
19.115,-0.117090434
19.12,-0.11630377
19.125,-0.11904855
19.13,-0.11987285
19.135,-0.12149899
19.14,-0.118270725
19.145,-0.123556376
19.15,-0.114496686
19.155,-0.11697558
19.16,-0.12240563
19.165,-0.113730825
19.17,-0.117603846
19.175,-0.115455866
19.18,-0.119532466
19.185,-0.116365954
19.19,-0.116953686
19.195,-0.11873082
19.2,-0.12444906
19.205,-0.1145536
19.21,-0.123443514
19.215,-0.12284019
19.22,-0.11928997
19.225,-0.11582201
19.23,-0.1250273
19.235,-0.11767989
19.24,-0.11719313
19.245,-0.116297156
19.25,-0.121031225
19.255,-0.11848657
19.26,-0.12046713
19.265,-0.117331244
19.27,-0.11720435
19.275,-0.11622675
19.28,-0.1208491
19.285,-0.12248056
19.29,-0.12085584
19.295,-0.119240746
19.3,-0.11965277
19.305,-0.11853908
19.31,-0.123421595
19.315,-0.1225966
19.32,-0.11498286
19.325,-0.1209876
19.33,-0.11719701
19.335,-0.12065532
19.34,-0.12082425
19.345,-0.11853728
19.35,-0.12050737
19.355,-0.12130031
19.36,-0.12241006
19.365,-0.1235482
19.37,-0.121444464
19.375,-0.1191161
19.38,-0.12110333
19.385,-0.12361332
19.39,-0.1259417
19.395,-0.12522309
19.4,-0.118257105
19.405,-0.120282374
19.41,-0.118802086
19.415,-0.12572229
19.42,-0.11994664
19.425,-0.12076031
19.43,-0.11959785
19.435,-0.11933281
19.44,-0.12168076
19.445,-0.121329315
19.45,-0.121736765
19.455,-0.11784543
19.46,-0.12202182
19.465,-0.121506765
19.47,-0.12624776
19.475,-0.12031514
19.48,-0.124291345
19.485,-0.1216428
19.49,-0.12140723
19.495,-0.123919554
19.5,-0.12365238
19.505,-0.12511633
19.51,-0.12237983
19.515,-0.121451795
19.52,-0.12297246
19.525,-0.12293691
19.53,-0.123480625
19.535,-0.12072973
19.54,-0.12229016
19.545,-0.12014152
19.55,-0.12330942
19.555,-0.119698405
19.56,-0.12388338
19.565,-0.120005265
19.57,-0.12107542
19.575,-0.12011173
19.58,-0.12633413
19.585,-0.1218509
19.59,-0.12368443
19.595,-0.12243128
19.6,-0.122990906
19.605,-0.1232856
19.61,-0.12259779
19.615,-0.12461446
19.62,-0.121849
19.625,-0.12089918
19.63,-0.12466608
19.635,-0.12421268
19.64,-0.12410906
19.645,-0.122345865
19.65,-0.120703295
19.655,-0.12474019
19.66,-0.12615338
19.665,-0.12481463
19.67,-0.12537372
19.675,-0.121833526
19.68,-0.124994844
19.685,-0.1238567
19.69,-0.124686524
19.695,-0.124862626
19.7,-0.124217354
19.705,-0.123958826
19.71,-0.12301605
19.715,-0.12471951
19.72,-0.12469303
19.725,-0.1238836
19.73,-0.12593685
19.735,-0.12572677
19.74,-0.12557004
19.745,-0.12419262
19.75,-0.1264462
19.755,-0.12638494
19.76,-0.12714373
19.765,-0.12482113
19.77,-0.12430788
19.775,-0.12712584
19.78,-0.12635356
19.785,-0.12605228
19.79,-0.121716306
19.795,-0.12609375
19.8,-0.12180136
19.805,-0.12384698
19.81,-0.12403405
19.815,-0.12575759
19.82,-0.12120385
19.825,-0.12373609
19.83,-0.12591071
19.835,-0.1257123
19.84,-0.121774524
19.845,-0.12360342
19.85,-0.1268648
19.855,-0.12275588
19.86,-0.12597121
19.865,-0.12572682
19.87,-0.12476934
19.875,-0.123336
19.88,-0.12712647
19.885,-0.12530866
19.89,-0.12529123
19.895,-0.12578203
19.9,-0.12393628
19.905,-0.12585656
19.91,-0.12605165
19.915,-0.12490796
19.92,-0.12519142
19.925,-0.12421043
19.93,-0.12611842
19.935,-0.12551992
19.94,-0.12653233
19.945,-0.12510498
19.95,-0.12643929
19.955,-0.12586768
19.96,-0.12749276
19.965,-0.12672211
19.97,-0.12578163
19.975,-0.12514372
19.98,-0.12502588
19.985,-0.12688632
19.99,-0.12541416
19.995,-0.12624237
20.0,-0.12546834
20.005,-0.1248669
20.01,-0.12554434
20.015,-0.12665763
20.02,-0.12559393
20.025,-0.12640028
20.03,-0.12324769
20.035,-0.1256757
20.04,-0.12661491
20.045,-0.12667423
